id,DBO_mg/L,DQO_mg/L,SST_mg/L,COLI_FEC_NMP_100mL,E_COLI_NMP_100mL,OD_PORC,SEMAFORO,NUM_SEMAFORO,GROUP
0,2,15.385,11.835,41.5,30,100.4,Verde,3,2
1,6.035,31.9928,33.125,3803.5,219.5,96.55,Amarillo,1,2
6,2.84,21.32,10,1722,62,98.2,Amarillo,1,2
7,5.765,22.99,18,4600,4600,53.5,Amarillo,1,2
8,9.625,43.585,28,24000,24000,34.975,Rojo,2,1
9,15.3,52.9,28,11000,17500,48.95,Rojo,2,0
10,3.09,19.97,12,40,40,73.73,Verde,3,2
11,2,10,10,1499,384,89.35,Amarillo,1,2
12,2,10,10,283.5,206,78.8,Verde,3,2
13,5.58,39.92,14.175,5172,925,52.8,Amarillo,1,2
14,4.92,23.14,20,430,116.5,74.98,Verde,3,2
15,5.19,23.86,16,155,91.5,75.4,Verde,3,2
16,11,47,18,11000,4600,79.8,Rojo,2,0
17,2,15.23,10,1903,110,93.5,Amarillo,1,2
18,2,16.99,17.75,4269,377.5,92.25,Amarillo,1,2
19,37.95,109.62,32.9,24196,24196,13.5,Rojo,2,1
21,2,10,10,3,3,76.05,Verde,3,2
22,81,160.375,65,14300,925,21,Rojo,2,0
23,2550.96,7632,2265,19675,815,10,Rojo,2,0
24,76.67,201.5,150,24000,11000,15,Rojo,2,0
25,5,47.31,16,24000,1800,29.55,Rojo,2,0
26,583,1659,822.5,2419600,2419600,10,Rojo,2,1
27,31.11,99.525,21.5,24000,11000,10,Rojo,2,0
28,221,499.075,115,241960,191800,10,Rojo,2,1
29,18,67.33,13,24000,4600,10,Rojo,2,0
30,43.5,159.125,39.5,24000,11000,33.6,Rojo,2,0
31,10,44,10,430,320,62.45,Rojo,2,2
32,154,364,130,24000,24000,14.45,Rojo,2,1
36,2,18.31,10,1550,120,102.6,Amarillo,1,2
37,2,10,11.5,2400,97,74.3,Amarillo,1,2
41,2,10,10,90,90,105.75,Verde,3,2
42,16.9,71.06,70,24196,24196,39.1,Rojo,2,1
43,12.6,55.82,74.12,11199,3076,66.43,Rojo,2,0
44,2.28,17.13,14,535,430,78.8,Verde,3,2
45,2.7,15.87,20,430,430,75.8,Verde,3,2
46,3.315,27.49,32,280,280,79.3,Verde,3,2
47,2,10,10,3,3,90.8,Verde,3,2
48,2,10,10,501.5,3,86.45,Verde,3,2
49,2,10,10,1515,210,82.61,Amarillo,1,2
51,2.26,18.91,10,1631,140,64.7,Amarillo,1,2
52,5.78,33.04,66,5475,504,67.5,Amarillo,1,2
53,2.71,16.79,24,1500,1500,65,Amarillo,1,2
54,2,14.21,22.165,10830.5,185,99.55,Amarillo,1,0
55,2,10,14,40,40,102.55,Verde,3,2
56,7.685,48.105,30,24000,3350,49.1,Rojo,2,0
57,56,184.24,197.94,24000,11000,16.95,Rojo,2,0
58,14.55,54.45,60,24196,11199,37.25,Rojo,2,0
59,22.5,91.88,38,930,430,80.25,Rojo,2,2
60,4.805,23.38,10,4600,2400,100.2,Amarillo,1,2
62,2.79,18.7,60,2440.5,46.5,89.04,Amarillo,1,2
63,2,10,10,230,90,100.4,Verde,3,2
64,63.33,209.59,176.825,24000,11000,10,Rojo,2,0
65,2,10,10,93,90,101.7,Verde,3,2
66,2,10,10,2909,144,102,Amarillo,1,2
67,2,22.145,28.5,3351.5,224,77.95,Amarillo,1,2
68,9.7,36.03,45,24196,52,32.1,Amarillo,1,0
69,2.43,16.875,14,220,210,53.2,Verde,3,2
70,4.06,29.1,19,24196,7326,99.21,Amarillo,1,0
71,3.015,15.97,20,240,240,71.19,Verde,3,2
72,2.47,22.26,24,2250,2250,66.3,Amarillo,1,2
73,2,10,25.835,930,430,100.8,Verde,3,2
74,16.5,61,43.5,11000,4600,26.85,Rojo,2,0
75,2.91,24.37,13.5,7800,2400,56.2,Amarillo,1,2
76,30.67,89.5,68.75,24196,24196,39.6,Rojo,2,1
77,22.21,50.82,36,24000,24000,36.05,Rojo,2,1
78,6.36,24.98,11,11000,4600,104.2,Amarillo,1,0
79,28,82,56,24000,24000,19.75,Rojo,2,1
80,2,10,22,750,189,82.7,Verde,3,2
81,2.94,20.4,10,70,70,69.37,Verde,3,2
82,2,10,10,90,40,101.3,Verde,3,2
83,2,10,10,2286,512,102.2,Amarillo,1,2
84,4.35,16.395,71,930,680,100.35,Verde,3,2
85,5.1,35.62,21.5,17329,8164,77.65,Amarillo,1,0
86,2,15.12,10,13566.5,1000.5,92.1,Amarillo,1,0
87,21.5,57,64,4600,2250,36.7,Rojo,2,2
88,64.51,237.8,40,235900,148300,10,Rojo,2,1
89,3.24,20.685,26,1200,1015,63.63,Amarillo,1,2
90,2.91,21,19.5,640,695,71.445,Verde,3,2
92,2.81,20.83,16,24196,9200,106.55,Amarillo,1,0
93,20.835,99.585,58.37,24000,24000,39.6,Rojo,2,1
94,2,15.05,40.67,1860,31,100.1,Amarillo,1,2
95,5.35,21.205,16,1500,1500,63.95,Rojo,2,2
96,4.96,27.26,20,24196,24196,72.1,Amarillo,1,1
97,8.67,42.55,10,3,3,46,Rojo,2,2
100,5.15,30.86,10,24000,2419,52.3,Rojo,2,0
101,17.8,82.58,16,24000,24000,24.9,Rojo,2,1
102,2,10,12,7270,1986,86.65,Amarillo,1,2
103,13.415,62.565,102,24000,7800,45,Rojo,2,0
104,160,400.35,202.145,24000,11000,10,Rojo,2,0
105,2.995,36.56,65,11000,443,97,Amarillo,1,0
106,76.67,241,161.25,24000,4600,10,Rojo,2,0
107,64.665,226.13,192,24000,11000,23.05,Rojo,2,0
108,7.69,34.62,35.5,24000,2400,56.3,Amarillo,1,0
109,570,1174.75,159.325,24000,11000,10,Rojo,2,0
110,30,132.04,17.5,24000,4600,10,Rojo,2,0
111,38.22,164.765,79.625,24000,11000,15.45,Rojo,2,0
112,16.585,84,37.12,24000,11000,24.1,Rojo,2,0
113,2,14.995,10.75,11616,1281,88.05,Amarillo,1,0
114,60,171.355,210,24000,11000,31.8,Rojo,2,0
115,64,178.56,54,24000,2400,11.95,Rojo,2,0
116,2,10,10,91.5,63.5,99.55,Verde,3,2
118,6.6,37.08,18,24000,11000,86.4,Amarillo,1,0
119,2.7,24.87,22,24000,1500,90,Amarillo,1,0
120,5.6,36,13,24000,11000,86,Amarillo,1,0
123,2.955,19.72,15,255,220,70.75,Verde,3,2
124,2.6,31.365,89.66,1427,20,90.35,Amarillo,1,2
125,3.66,17.96,62,11000,430,56.1,Amarillo,1,0
126,2,33.1042,10,15531,1789,61.03,Rojo,2,0
127,2,34.24565,10,12667.5,446,65.2,Amarillo,1,0
129,2,23.112,10,5794,905,69.08,Amarillo,1,2
134,2,10.9,10,1019,3,95.2,Amarillo,1,2
138,2,10,10,2116.5,134.5,84.5,Amarillo,1,2
139,11.5,54,40,4600,4600,84.65,Rojo,2,2
145,2,16.72,12.5,11000,280,91.3,Amarillo,1,0
148,18.095,83,32,24000,11000,94,Rojo,2,0
149,17.2,72.43,34,24000,24000,85.6,Rojo,2,1
150,18.58,96.85,58,1950,240,122.5,Rojo,2,2
151,6.45,34.71,58,210,3,70.73,Verde,3,2
152,10.8,41,22,24000,24000,80.45,Rojo,2,1
153,550.5,995.5,380,24000,24000,19.8,Rojo,2,1
154,18,53.5,40,24000,24000,16.6,Rojo,2,1
155,24,94.095,12,24000,11000,30.8,Rojo,2,0
157,2,10,10,24000,24000,71.8,Amarillo,1,1
158,2,10,10,24000,6700,72,Amarillo,1,0
161,2,11.105,10,5794,199,94.65,Amarillo,1,2
162,3.305,34.255,29,2323.5,1440,72.015,Rojo,2,2
163,4.2,30.805,10,3500,930,54.25,Amarillo,1,2
164,110,251.33,85.28,24000,14164.5,10,Rojo,2,0
165,23.015,94.64,26.8,24000,11000,11.05,Rojo,2,0
166,5.65,14.67,10,16702,13887,45.2,Amarillo,1,0
167,12.855,61,12,24000,11000,103.45,Rojo,2,0
168,2,12.04,10,1274,132,101.1,Amarillo,1,2
170,2,32.405,10,2400,430,61.75,Amarillo,1,2
171,2.54,20.144,10,8866,1398.5,107.35,Amarillo,1,2
172,16.77,89,30,4600,2400,68.4,Rojo,2,2
173,19.9,81.945,37,24196,24196,28.7,Rojo,2,1
174,23.57,75.9,46,24196,24196,37.5,Rojo,2,1
175,23.87,162.15,50,24196,24196,28.3,Rojo,2,1
178,91.25,254.123,90,241960,241960,10,Rojo,2,1
179,16.1665,60.0075,32,11000,13200,26,Rojo,2,0
180,54.55,160.605,43.515,24000,17500,15.6,Rojo,2,0
181,3.95,19.675,17.25,5028,324.5,67.1,Amarillo,1,2
186,36.67,123.67,23,24000,11000,10,Rojo,2,0
187,25.4,63.995,31.75,24196,24196,59.3,Rojo,2,1
188,2,10,10,3873,1043,60.7,Amarillo,1,2
189,2,25.02,18,11000,572.5,73.6,Rojo,2,0
191,116.2,286.36,95.5,24196,24196,26,Rojo,2,1
193,5.6,59.06,30,24000,15531,34.1,Rojo,2,0
194,60.01,162.82,58,24000,24000,37.4,Rojo,2,1
195,14.4,63.595,10,24000,11000,12.8,Rojo,2,0
196,3.66,42.84,11,4600,1500,31.05,Rojo,2,2
197,2,25.885,19.5,2400,580,61,Amarillo,1,2
200,211.75,359.17,29.23,241960,241960,24.85,Rojo,2,1
201,22.2,166.91,27,241960,172300,26.65,Rojo,2,1
202,2,10,10,209,80.5,96.2,Verde,3,2
203,143.335,507.03,94.44,24000,24000,22.4,Rojo,2,1
204,5,25.57,11,11000,4600,94.1,Amarillo,1,0
205,53.33,126.96,58,24000,4600,47,Rojo,2,0
206,28,94.29,46.67,24000,11000,49.5,Rojo,2,0
208,76.67,287.37,220.02,24000,24000,27.5,Rojo,2,1
209,91.115,236.95,83,24000,7800,10,Rojo,2,0
211,5.9,24.59,11,7270,2100,60.4,Rojo,2,2
212,2,10,10,4236.5,1147,73.75,Amarillo,1,2
213,2,13.015,10,855,233,87.8,Verde,3,2
214,3.538,61.27,25,11000,2400,30.7,Rojo,2,0
215,4.025,63.253,17,11000,2100,33.7,Rojo,2,0
216,11,66.21,20,24196,24196,80.2,Rojo,2,1
218,12.9,45.93,28,24000,24000,69.7,Rojo,2,1
219,88.335,291.035,53.94,24000,24000,10,Rojo,2,1
221,20.72,66,28.3,24000,24000,55.1,Rojo,2,1
222,15.2,29.28,72,2100,750,62,Amarillo,1,2
223,14.7,30.49,40,24000,24000,67.4,Amarillo,1,1
224,2,23.33,21,2400,70,101.2,Amarillo,1,2
225,2,19.968,10,24196,3654,74,Amarillo,1,0
226,73.33,163.37,41.25,24000,11000,10,Rojo,2,0
227,26.67,87.885,20,24000,11000,10,Rojo,2,0
228,4.95,28.22,20,4600,2400,56.4,Rojo,2,2
229,170.52,418,190,24000,24000,72.05,Rojo,2,1
230,14,99.57,12,4600,200,15.6,Rojo,2,2
231,2,12.235,10.67,2755,110,102.4,Amarillo,1,2
233,11.5,47.5,65,24000,24000,38.05,Rojo,2,1
234,9.5,54.5,83.5,24000,17500,56.6,Rojo,2,0
235,36.5,72.5,34,24000,24000,33,Rojo,2,1
236,2,10.94,10,1789,57.5,77.3,Amarillo,1,2
237,2,17.46,10.5,1178,41,89.8,Amarillo,1,2
238,2,16.88,21,19863,1789,97.275,Amarillo,1,0
239,3.175,28.58,19.5,3754.5,1350,71,Rojo,2,2
240,66.665,158.035,58,24000,4600,39.2,Rojo,2,0
241,156.665,419.15,108.93,24000,24000,10,Rojo,2,1
242,13,92.86,30,24000,4600,43.8,Rojo,2,0
243,58,139.59,45.375,24000,2400,12,Rojo,2,0
244,2,10,11,2756,307,88.2,Amarillo,1,2
245,2,10,13,2400,229,87.8,Amarillo,1,2
251,32.405,126.58,82,24000,24000,24.5,Rojo,2,1
252,2,10,10,2400,148,91.3,Amarillo,1,2
253,2,19.39,10,1539,85,102.7,Amarillo,1,2
254,2,27.685,10,24000,2100,60.3,Amarillo,1,0
257,93.33,254.22,172,24000,4600,29.2,Rojo,2,0
258,61.11,210.84,154.64,24000,11000,33.1,Rojo,2,0
259,14.9,62.18,13,24000,11000,36.95,Rojo,2,0
260,15,46,18,430,230,75.8,Rojo,2,2
261,2,17.04,10,24196,9407,97.8,Amarillo,1,0
262,2,14.35,10,9804,2613,96.9,Amarillo,1,0
263,2,10,10,2400,504,92.55,Amarillo,1,2
264,2,10,10,11000,2400,89.85,Amarillo,1,0
265,10.14,45,76,930,430,97.9,Rojo,2,2
266,14.7,55.91,17.5,24196,24196,10.5,Rojo,2,1
267,2,23.52,20,3873,395,76.6,Amarillo,1,2
268,57.8,149.84,28,24000,43,41.3,Rojo,2,0
269,29.2,80.52,153.25,7800,2250,54.2,Rojo,2,2
270,31,84.035,150.965,24000,2100,55.25,Rojo,2,0
271,2,11.31,10,691,84,89.55,Verde,3,2
337,2,10,18,1800,139.5,81.1,Amarillo,1,2
341,2,17.72,10,2485,97.5,101.6,Amarillo,1,2
343,2,14.86,10,1658,31,34.6,Amarillo,1,2
344,2,10,10,1450,114.5,78.1,Rojo,2,2
348,2,28.571,13,1200,930,59.3,Amarillo,1,2
350,2,15.275,48,1793,58,100.05,Rojo,2,2
363,2,506.265,41,76.5,294.5,92.23,Rojo,2,2
368,33.6,94.64,60,24000,24000,56.8,Rojo,2,1
369,11.04,31.94,28,24000,24000,27.2,Amarillo,1,1
370,8.5,43.04,16,24000,210,75.3,Rojo,2,0
371,250,525.975,155,24000,11000,10,Rojo,2,0
372,26,68.65,83.205,24000,2400,48.45,Rojo,2,0
373,2,10,10,1539,187,94.8,Amarillo,1,2
374,4.73,23.885,25,24000,17329,61.6,Amarillo,1,0
375,7.65,41.78,41,24000,5507.5,64.7,Rojo,2,0
376,19.2,115.04,53.75,24000,2400,51.7,Rojo,2,0
377,180,466.03,74.485,24000,11000,10,Rojo,2,0
378,360,889.24,181.48,24000,24000,10,Rojo,2,1
379,14.85,56.625,20,24000,24000,59.2,Rojo,2,1
380,2,10,10,1723,161,79.2,Amarillo,1,2
384,88.5,243.555,40,24000,700,24.3,Rojo,2,0
385,13.8,90.56,115,8994,192.5,61.45,Rojo,2,2
386,6.915,66.94,113.57,7515.5,227,69,Rojo,2,2
390,2,34.055,52,10,244.5,54.67,Verde,3,2
391,2,10,10,459,10,93.425,Verde,3,2
392,2,12.6,10,173,3,91.4,Verde,3,2
413,15.02,72.14,20,280,280,61.9,Rojo,2,2
414,6.57,35.68,12,640,640,55.05,Verde,3,2
416,27.5,100.55,23.5,24000,4600,25,Rojo,2,0
424,2,13.72,10,90,90,65.5,Verde,3,2
428,2,18,10,2250,460,103.4,Amarillo,1,2
431,6.96,48.595,71.8,24196,3763.5,79.6,Rojo,2,0
432,2,22.34,13,4600,930,54.8,Amarillo,1,2
433,16.67,123.185,34.5,24000,4600,49,Rojo,2,0
435,7.83,583.5,46.725,3,3,82.3,Rojo,2,2
436,2.22,14,28.7,40,15,92.8,Verde,3,2
437,3.415,26.39,70,2100,46.5,77.8,Rojo,2,2
438,3.635,18.985,31,1638,90,77.465,Amarillo,1,2
441,5,38,10,19,6.5,99.1,Verde,3,2
442,7,38,10,40,19.5,104.13,Verde,3,2
445,2,49.064,19.5,1750,1200,51.1,Rojo,2,2
446,23.845,111.46,124.66,4600,243,78.6,Rojo,2,2
448,14.82,80.32,30,24196,10462,98.05,Rojo,2,0
449,4.63,16.67,10,1500,1500,65.9,Amarillo,1,2
450,2,10,35,1785,675.5,67.66,Amarillo,1,2
451,3.8,10,36,583,147,80.6,Verde,3,2
452,4.61,20.75,45.915,2400,30.5,82.7,Amarillo,1,2
453,6,37,10,230,90,77.8,Rojo,2,2
454,8.7,71.23,25,11000,430,59.55,Rojo,2,0
455,4.45,25,11.5,26.5,23,102.2,Verde,3,2
456,2,20.01,21.055,858,30.5,101.55,Verde,3,2
457,62.335,232,118,24000,24000,19.7,Rojo,2,1
458,2,17.288,10,1686.5,68.5,96,Amarillo,1,2
459,75.6,263.38,80,24000,24000,18.9,Rojo,2,1
460,80.855,227.11,88,24000,24000,26.5,Rojo,2,1
461,59.565,220.13,80,24000,24000,26.795,Rojo,2,1
462,2.32,23.52,38.335,2497.5,74,95.7,Amarillo,1,2
463,2,15.91,13,21965,230,90.35,Amarillo,1,0
464,2,10,30,150,43,90.9,Verde,3,2
465,2.05,14,27,15,3,93.6,Verde,3,2
467,169,453,88,24000,24000,10,Rojo,2,1
468,8,34,20.5,4600,2250,90.95,Amarillo,1,2
470,9.53,50.153,26,24196,24196,71,Rojo,2,1
471,2.29,20.16,10,210,150,54.95,Verde,3,2
475,3.54,20.63,10,9,9,63.615,Verde,3,2
476,3,19.49,10,230,210,60.19,Verde,3,2
478,3.015,17.75,21,2400,2400,68.1,Amarillo,1,2
479,2,10,10,150,120,100.3,Verde,3,2
480,9.25,47.36,28,24000,3350,42.8,Rojo,2,0
481,2,18.4,17.05,3101.5,376,88.55,Amarillo,1,2
482,2.15,27.86,18,4600,2100,61,Amarillo,1,2
488,2.61,27.5,15,11000,2100,65.4,Amarillo,1,0
489,64.5,165.675,47,430,30,68.89,Rojo,2,2
490,24,81,20,24000,4600,10,Rojo,2,0
491,2.43,34.64,11,2400,1500,54.6,Amarillo,1,2
492,3.1,32.731,11,2400,750,54,Amarillo,1,2
493,2,14.95,10,10203.5,833.5,66.9,Amarillo,1,0
494,2,26.37,10,24000,4600,64.8,Amarillo,1,0
495,2,10,10,2915.5,613,93.1,Amarillo,1,2
498,2,14.8,14,5273.5,2400,71.1,Rojo,2,2
499,2.0715,23.115,10,2400,930,58.2,Amarillo,1,2
505,6.07,46.60705,67.5,24196,410,77.8,Rojo,2,0
506,19,62,76,24000,7800,24,Rojo,2,0
507,26.5,68.5,60.5,24000,24000,10.05,Rojo,2,1
508,8.155,37.355,12,70,70,51.8,Verde,3,2
509,100.21,244.905,60,24000,24000,14.2,Rojo,2,1
514,411.665,927.25,300.95,24000,11000,10,Rojo,2,0
515,199.44,726.24,200,24196,24196,28.7,Rojo,2,1
516,43,104.275,17,2400,625,12,Rojo,2,2
517,6.49,53.57,69.09,24196,1599.5,87.35,Rojo,2,0
518,9.98,69.02,120,24196,1931,85.8,Rojo,2,0
520,2,23.89,16,2400,930,61.5,Amarillo,1,2
521,2,13.74,20,4600,185,94.5,Amarillo,1,2
522,3.2,18.32,26,24000,430,82.4,Amarillo,1,0
523,2,10,13.5,4132.5,114.5,101.6,Amarillo,1,2
524,2,10,10,430,230,106.65,Verde,3,2
526,190.04,453.91,104,24000,24000,12.05,Rojo,2,1
528,2,10,12,40,40,105.3,Verde,3,2
529,9.99,49.39,48,2400,2400,68.1,Rojo,2,2
530,3.03,13.66,35,930,695,73.75,Verde,3,2
531,4.795,21.5,86.5,2400,2400,98.65,Amarillo,1,2
535,2,10,10,2400,222,70.2,Amarillo,1,2
536,2,10,10,1663.5,74.5,71,Amarillo,1,2
537,2,10,10,1800,215,88.9,Amarillo,1,2
538,2,10,10,4600,980,87.05,Amarillo,1,2
539,2,10,10,3179,1393.5,86.5,Amarillo,1,2
540,2.91,17.875,31,930,930,65.44,Amarillo,1,2
541,2,10,10,2359,301,94.8,Amarillo,1,2
542,2,17.03,13,11998.5,2400,77.8,Amarillo,1,0
543,83.1,608.545,88,3,3,61.3,Rojo,2,2
544,3.8,15.97,16,1500,1500,64.08,Amarillo,1,2
547,2,45.715,15,930,430,69,Rojo,2,2
548,24,86.265,17,24000,10462,10,Rojo,2,0
549,2,25.09,17,4600,2100,60,Amarillo,1,2
550,8,39.3,10,40,40,96.9,Verde,3,2
552,7.905,52.81,144.92,24196,865,91.7,Rojo,2,0
553,2.11,40.18,116.96,24196,131,113.2,Rojo,2,0
554,2,27.23,26.5,4600,1500,58,Amarillo,1,2
555,26.46,127.13,72,24000,24000,65,Rojo,2,1
556,49.1,133.81,72.225,24000,11000,39,Rojo,2,0
557,26,84.285,30.5,24000,4600,28,Rojo,2,0
559,83.33,201.595,79.215,24000,17500,19.8,Rojo,2,0
562,6.17,77.88,37,432,3,56.3,Rojo,2,2
563,473.335,1390.4,475,24000,7800,10,Rojo,2,0
564,7.25,28.89,17,1515,413,77.2,Amarillo,1,2
565,2,24.81,10,1500,430,73.6,Amarillo,1,2
568,7.295,18.13,12.19,9234,1151.5,108.65,Amarillo,1,0
569,2,11.57,13.25,5962.5,683.5,85,Amarillo,1,2
570,4.8,22.9,12,24196,24196,81.4,Amarillo,1,1
571,2.5,17.965,10,4,3,84.925,Verde,3,2
574,4.02,23.02,10,8997,3609,84.5,Amarillo,1,0
575,16.5,56.5,75.5,4600,2400,59.85,Rojo,2,2
581,2,32.14,112,1200,390,66,Amarillo,1,2
588,2.38,12.48,15,4884,211,87.34,Amarillo,1,2
589,2,27.6,10,2100,930,68.1,Amarillo,1,2
590,2,27.545,10,2400,460,62.3,Amarillo,1,2
592,2,17.3096,10,1223,441,104.8,Amarillo,1,2
598,29,140,48.5,11000,4600,49,Rojo,2,0
599,10,47,21,2400,2100,75.9,Rojo,2,2
600,2.16,15.38,10,3,3,62.2,Verde,3,2
601,2.11,41.41,20,2400,930,67.53,Rojo,2,2
602,5.166,44.38,11,11000,2400,48.85,Rojo,2,0
603,3.22,15.935,12,90,90,67.78,Verde,3,2
604,28.15,105.02,18.445,24196,24196,14.75,Rojo,2,1
615,10.67,89.38,43,24000,4600,52.9,Rojo,2,0
621,113.86,236.47,91.6667,24196,241960,10,Rojo,2,1
622,2,22.05,86,24196,3180,84,Amarillo,1,0
623,2.4,24.01,44.335,19863,3683,96.4,Amarillo,1,0
624,2,19.825,200,58138,10117,93.7,Amarillo,1,1
625,18.33,142.07,56,20.75,20.75,85,Rojo,2,2
626,2,21.845,38.39,5980.5,585.5,95.55,Amarillo,1,2
627,2,13.592,23.965,1840.5,31,91.95,Amarillo,1,2
628,11.35,55.56,24,2489,122,96.5,Rojo,2,2
629,2,10,10,6488,156,96.53,Amarillo,1,2
630,2,16.3296,11,9139,279,99.7,Amarillo,1,2
631,2,14.855,15.25,3654,147,97.95,Amarillo,1,2
633,2,25.73,34.67,6131,156,102.4,Amarillo,1,2
634,407,767.84,230,241960,241960,10,Rojo,2,1
635,145.475,580.4,162.5,241960,241960,10,Rojo,2,1
636,3.765,49.31,15.665,3500,2400,97.2,Rojo,2,2
637,5.91,39,10,90,40,82.55,Verde,3,2
638,2,10,10,3,3,72.4,Verde,3,2
642,11.81,67.755,39.23,23,7,87.6,Rojo,2,2
644,2.67,32.11,171,61,930,62.67,Amarillo,1,2
645,2,21.012,42.5,16375.5,533,92.9,Rojo,2,0
646,2,37.44,22,2400,24000,63.5,Rojo,2,2
648,2,19.23,10,749,3,116.2,Verde,3,2
649,2,22.896,15.5,24196,1267,94.3,Rojo,2,0
655,2,21.82,45,24196,6131,81.15,Rojo,2,0
656,2,31.94,22,3,210,81.7,Verde,3,2
657,2.7,25.415,68,230,160,88.95,Verde,3,2
658,2,22.622,36,2100,117,94.8,Rojo,2,2
660,5.02,44.7222,23,6131,144,74.9,Rojo,2,2
661,2,14.36,19,4886,1115,96.3,Amarillo,1,2
662,2,32.14,28,1500,840,58.15,Amarillo,1,2
663,3,50.03,18.8,1317,75,89.5,Rojo,2,2
664,6.625,25.86,44,930,930,69.5,Amarillo,1,2
668,8.28,40.17,33,80,220,46.8,Rojo,2,2
676,2,36.464,17,2400,680,58.9,Amarillo,1,2
677,2,24.6,49.75,15161.5,4360,67.8,Amarillo,1,0
679,2,16.37,30.76,644,3361.5,87.4,Amarillo,1,2
681,7.24,48.38,47.5,537,8.25,55.3,Rojo,2,2
683,2,20.064,10,4605.5,52,93.1,Amarillo,1,2
685,2.2,57.03,31,1199,1500,81.7,Rojo,2,2
687,2,27.942,40,15531,860,86.6,Amarillo,1,0
688,2,35.67,25.6,9804,171.5,77.2,Amarillo,1,0
689,2,13.445,31,504,66.5,80.5,Rojo,2,2
690,4.29,26.83,26,220,1265,76.9,Amarillo,1,2
691,2,15.415,10,56.5,40,61.1,Amarillo,1,2
692,13.34,39.2,22,3,150,36.8,Verde,3,2
693,2,32.4245,48,585,110,58.5,Verde,3,2
694,2,16.46,53,43,23,122.05,Verde,3,2
695,2,36.15,17,750,430,62.3,Rojo,2,2
696,2,13.794,42.6667,11199,330,94.5,Amarillo,1,0
697,2,12.26,25,7270,166,93.7,Rojo,2,2
700,2,16.11,30,3410,178.5,90.6,Amarillo,1,2
701,8.85,51.89,119.585,1935,101,98.4,Rojo,2,2
704,2,10,10,5686,226.5,93.4,Amarillo,1,2
705,2,42.179,191.485,2400,2400,82.9,Rojo,2,2
706,3.82,42.5,28,930,1500,79.8,Rojo,2,2
707,2,36.0215,10,930,330,40.4,Amarillo,1,2
708,2,30.19,16,1200,255,62.5,Amarillo,1,2
709,2,12.96,10,4229,120,101.7,Amarillo,1,2
711,2,11.18,16.75,3819.5,211,95.5,Amarillo,1,2
712,2,10,13.5,12997,170.5,90,Amarillo,1,0
715,2,25.08,12.65,12997,63,88.6,Amarillo,1,0
716,20.28,54.71,42,9,3,36.5,Rojo,2,2
717,4.82,28.115,45,6.5,430,43.785,Verde,3,2
718,2.565,27.169,25.435,471,21.25,58.93,Verde,3,2
719,2,37.677,110,930,1500,75.5,Amarillo,1,2
720,2,45.357,92,4600,2400,74.6,Rojo,2,2
722,7.6,45.42,10,3873,158,34.5,Rojo,2,2
723,2.219,24.205,21,2400,370,63,Amarillo,1,2
724,2,31.9734,41,9,3,106,Rojo,2,2
726,2,16.64,22,2400,285,88.5,Rojo,2,2
727,2.89,32.9905,55,2400,150,73.2,Rojo,2,2
729,2,33.5,101,930,1200,62.25,Amarillo,1,2
730,2,35.71,212.22,430,2400,73,Amarillo,1,2
732,2,15.552,20.25,1457,119.5,96.5,Rojo,2,2
733,2,17.12,16,1842,49,95.2,Amarillo,1,2
736,2,27.52,29,4611,135,92.7,Amarillo,1,2
737,12,60.03,22.28,24196,24196,26,Rojo,2,1
738,466.67,1036.22,281.65,24000,4600,10,Rojo,2,0
739,80,231.75,172.73,24000,11000,10,Rojo,2,0
740,6.99,29.06,40,24196,24196,37.25,Amarillo,1,1
741,2,13.3688,27.333,6131,332,81,Amarillo,1,2
742,2,16.16,39.165,2501.5,92.5,100.55,Amarillo,1,2
743,7.5,41.73,12,24000,1500,15.3,Rojo,2,0
744,7.59,103.05,51.16665,24196,24196,54.9,Rojo,2,1
745,25.655,85.16,19,24000,2419,16.7,Rojo,2,0
746,3.96,36.86,91,24196,471,80,Amarillo,1,0
747,12.855,66.625,134,241960,241960,10,Rojo,2,1
748,160.98,289.908,74.165,241960,241960,10,Rojo,2,1
749,7.365,57,78,2400,1500,69.4,Rojo,2,2
750,12.445,77.86,146.5,24196,6867,55.9,Rojo,2,0
751,3.1,17.5,36.845,235,110,65.45,Verde,3,2
752,33.55,151.38,60.75,3500,1500,73.5,Rojo,2,2
753,7.38,82.5,29.5,1100,460,77.85,Rojo,2,2
754,5.815,51.985,58.46,24196,24196,73.2,Rojo,2,1
755,105.745,222.855,64.5,24196,24196,10,Rojo,2,1
756,17.71,118,116.25,230,90,148.1,Rojo,2,2
757,7.32,39.575,80,930,460,96,Verde,3,2
758,49.89,107.815,21.75,24000,24000,10,Rojo,2,1
759,5.09,28.11,15,12515,515,32.05,Amarillo,1,0
760,4.56,23.95,10,5483,289,40.1,Amarillo,1,2
761,12.02,77.87,74.165,66.5,4,112.65,Rojo,2,2
762,5.13,59.828,31.65,24196,24196,32.3,Rojo,2,1
764,26.5,140.28,66.67,24000,2400,84.6,Rojo,2,0
765,19.09,78.705,22,24000,2100,64.4,Rojo,2,0
766,73.33,213.25,196.77,24000,4600,10,Rojo,2,0
767,2,15.31,10,1973,57,106.8,Amarillo,1,2
768,2,10,10,1919.5,20,87.1,Amarillo,1,2
769,2,18,10,2613,20,101.2,Amarillo,1,2
770,5.7,44.11,42,2400,13200,76.6,Rojo,2,2
792,3.3,32.88,28,12750,12750,81.6,Amarillo,1,0
797,2,29.16,44.5,680,680,80.55,Verde,3,2
798,2.5,31.105,19,500,500,96.4,Verde,3,2
799,8.35,72.535,78,24000,24000,41.5,Rojo,2,1
800,73.5,227.58,114,24000,24000,48.1,Rojo,2,1
801,35.75,138.25,113.35,24000,24000,31.6,Rojo,2,1
804,2,16.48,10,1285,41,67.45,Amarillo,1,2
805,4.515,37.3,51,3255,347.5,43.65,Amarillo,1,2
806,4.4,28.22,12,230,230,62.8,Verde,3,2
807,46.305,103.805,61.335,24196,24196,25.85,Rojo,2,1
808,14,50,47,24000,11000,92,Rojo,2,0
810,2,10,46.5,1911.5,62.5,77.55,Amarillo,1,2
811,2,10,37,1076,150,90.95,Amarillo,1,2
813,2,10,10,230,150,99.65,Verde,3,2
814,2,28.83,30,960,62,86.2,Verde,3,2
815,2.11,17,134,17200,784,100.9,Amarillo,1,0
816,2,23.76,10,1086,140.5,100.6,Amarillo,1,2
820,2,23.47,10,150,90,70,Verde,3,2
821,2,10.685,16,2400,422,82.485,Amarillo,1,2
822,2,10,10,2755,74,91.9,Amarillo,1,2
824,2,11.865,10,1467,63,104.65,Amarillo,1,2
825,11,49.5,40,24000,11000,105.8,Rojo,2,0
826,2,16.76,10,556,63,100.7,Verde,3,2
827,2,16.2414,10,2442.5,154.5,84.55,Amarillo,1,2
828,2,10,13,495,31,83.5,Verde,3,2
829,2,10,10,364,110,105.5,Verde,3,2
831,2,27.22,13,1100,430,62,Amarillo,1,2
832,2.34,12.58,42,200,146.5,65.1,Verde,3,2
835,2,10,10,1500,126,91.5,Amarillo,1,2
837,2,11.76,10,586,3,104,Verde,3,2
838,2.2,31.09,10,210,93,61.6,Verde,3,2
839,2.03,28.19,17,4600,1500,55.2,Amarillo,1,2
840,2,10,10,2400,200,88,Amarillo,1,2
841,2,18.1,10.67,1664,187,100,Amarillo,1,2
842,7,57.505,35,24196,24196,86.9,Rojo,2,1
844,2,16.0715,15,1800,224.5,83.2,Amarillo,1,2
845,24,115.9,19,24000,24000,29.6,Rojo,2,1
846,7.1,38.53,10,93,43,83.6,Verde,3,2
848,9.44,59.25,15.5,24196,24196,84,Rojo,2,1
849,12,73.34,64,24000,2400,45.5,Rojo,2,0
852,2,10,21.5,2400,430,78.1,Amarillo,1,2
854,2,32.2,11,2400,750,59.1,Amarillo,1,2
855,48,91.5,66,24000,24000,10,Rojo,2,1
858,2,16.1616,21.65,2755,110,95.3,Amarillo,1,2
860,2,11.7,20,2098,63,96.7,Amarillo,1,2
861,2,20.945,12.75,4481.5,184,109.8,Amarillo,1,2
864,5.08,43.28,18.79,22029.5,4034,28.6,Rojo,2,0
865,5.62,41.615,11.44,6770,2489,20.5,Rojo,2,2
866,3.08,20.16,27,430,430,66.3,Verde,3,2
867,2.9,15.7024,32,355,355,73.86,Verde,3,2
868,45,102.61,45.83,24000,4600,30,Rojo,2,0
869,26.5,102.035,35,24000,4600,24.15,Rojo,2,0
879,2,10,10,90,90,100.5,Verde,3,2
880,10.98,121,33.5,230,90,87.8,Rojo,2,2
881,9.995,95,98.65,430,230,79.75,Rojo,2,2
886,166.5,376.31,86.335,24000,24000,12.2,Rojo,2,1
889,3.195,28.385,10,1215,355,62.35,Amarillo,1,2
890,115,336,32,24000,24000,10,Rojo,2,1
892,30.5,104.64,36.5,24000,4600,26.85,Rojo,2,0
893,19.35,101.495,60,24000,11000,18.3,Rojo,2,0
894,56.195,284.62,283.3333,24196,24196,14.9,Rojo,2,1
895,40.07,283.805,1400,173290,32820,49.6,Rojo,2,1
896,58.89,182.24,55.56,24000,4600,20,Rojo,2,0
897,143.335,422.113,103.97,24000,7800,10,Rojo,2,0
898,348.335,714.17,122.315,24000,11000,10,Rojo,2,0
899,285,662.7,180.605,24000,11000,10,Rojo,2,0
900,290,732.3,206.475,24000,11000,10,Rojo,2,0
901,210,373.08,160,24000,4600,10,Rojo,2,0
902,265,690.56,223.765,24000,11000,10,Rojo,2,0
903,125,324,145,24000,4600,10,Rojo,2,0
904,130,252,152.3,24000,4600,10,Rojo,2,0
905,62,364.56,62.86,24000,4600,39.1,Rojo,2,0
906,18.635,76.5,52,4600,2400,92.55,Rojo,2,2
907,2,10,37,1371.5,103.5,85,Amarillo,1,2
908,2,10,10,1723,230,73.35,Amarillo,1,2
909,2,10,10,2341,98,96.9,Amarillo,1,2
910,2,10,10,1323.5,132.5,79.9,Amarillo,1,2
925,2,20.28,39.17,8664,56.5,92.2,Amarillo,1,2
936,6.87,75.83,15,2100,370,74.1,Rojo,2,2
940,4.8,42.345,33,1376,35.5,75.9,Rojo,2,2
941,2,33.7,27,2400,186,94,Amarillo,1,2
959,2.235,55.965,12,430,230,33.7,Rojo,2,2
960,15.11,85.22,23.64,2100,85,46,Rojo,2,2
961,13.94,80.23,28,1500,52,62,Rojo,2,2
962,3.8,27.955,28,150,150,63.2,Verde,3,2
963,9.55,38,93,22,22,100.4,Verde,3,2
999,57,140.5,51.5,2400,2400,58.65,Rojo,2,2
1000,83,172,49,2400,2400,10,Rojo,2,2
1002,9.5,49,16,4,3,50.85,Rojo,2,2
1003,82,223,42.5,2400,2400,34.65,Rojo,2,2
1004,54.5,115,41,1200.75,1200.75,37.05,Rojo,2,2
1005,107,367.5,92.5,2400,2400,17.6,Rojo,2,2
1006,18,72,38,2400,2400,41.75,Rojo,2,2
1008,216,503,606.5,2400,2400,10,Rojo,2,2
1010,44.5,174,31,2400,2400,12.9,Rojo,2,2
1013,20.5,72,10,2400,2400,54.7,Rojo,2,2
1014,17.5,66,21,2400,2400,33.75,Rojo,2,2
1015,16,39,10,2400,2400,36.6,Amarillo,1,2
1017,122,240.5,99,2400,2400,10,Rojo,2,2
1018,332.5,612.5,167,2400,2400,10,Rojo,2,2
1019,254,431.5,504.5,2400,2400,10,Rojo,2,2
1020,189,411,500,2400,2400,10,Rojo,2,2
1021,63,203,57,3,3,10,Rojo,2,2
1026,20.5,45.5,59,70,70,53.1,Rojo,2,2
1028,35.5,101.5,62,2400,2400,44.35,Rojo,2,2
1030,67,158.5,59,2400,2400,10,Rojo,2,2
1031,47.5,86,53.5,2400,2400,26.8,Rojo,2,2
1032,113.63,240,48.57,3,3,29.5,Rojo,2,2
1034,2,26.14,12,11000,2100,56.8,Amarillo,1,0
1035,31,109,34.33,24000,24000,89.2,Rojo,2,1
1036,2,10,10,1500,70,83,Amarillo,1,2
1037,2,10,10,1396.5,90,81,Amarillo,1,2
1039,3.42,24.96,10,230,150,60.98,Verde,3,2
1056,2,13.41,27.75,13265.5,1120,84.6,Amarillo,1,0
1058,2.4,29.87,57.86,3873,183,95.9,Amarillo,1,2
1059,5.03,34.83,11,24196,24196,63.4,Amarillo,1,1
1060,31.52,114.83,30.75,17500,11000,91.55,Rojo,2,0
1061,24.5,103.13,31.4,24000,24000,83.1,Rojo,2,1
1062,32.3,112.1,28.33,11000,11000,89.9,Rojo,2,0
1063,27.905,98,28.25,24000,24000,83.7,Rojo,2,1
1064,34.79,119.225,30.665,24000,24000,87.65,Rojo,2,1
1065,28.325,103,27.5,24000,24000,87.4,Rojo,2,1
1081,10.5,65.315,54.69,24000,11000,24.95,Rojo,2,0
1082,8.71,38.52,10,24196,24196,44.7,Amarillo,1,1
1083,2,27.47,14,2100,430,59,Amarillo,1,2
1084,23,56.27,23,11000,1500,29.7,Rojo,2,0
1085,6,46.14,18,24000,2100,55.5,Rojo,2,0
1095,31,114.29,61.8,6400,1200,32,Rojo,2,2
1096,2,13.57,23.5,794,10,96.7,Verde,3,2
1099,4.55,13.38,10,24196,24196,90.5,Amarillo,1,1
1100,2,10,11,166.5,55,87.865,Verde,3,2
1101,2,10.51,10,5323.5,395,65.4,Amarillo,1,2
1102,2.12,12.3,10,24196,24196,65.6,Amarillo,1,1
1103,76.665,242.165,173.5,24000,11000,14.4,Rojo,2,0
1104,2,11.765,28,4160,750,84.3,Amarillo,1,2
1105,2,15,21.335,930,341.5,98.5,Verde,3,2
1106,2,10,16,2250,443.5,90.4,Amarillo,1,2
1107,2,10,11,3128.5,243,87.13,Amarillo,1,2
1108,2,10,18.5,2271.5,210,91.865,Amarillo,1,2
1109,2,10,17,1860,230,91.35,Amarillo,1,2
1110,2,10,16,8664,1986,86.83,Amarillo,1,2
1111,2,14.69,10,2247,84,87.4,Amarillo,1,2
1112,2.6,23.28,10,3076,52,85.3,Amarillo,1,2
1113,9.37,47.355,101.335,24196,24196,58.35,Rojo,2,1
1116,2,16.94,10,40,40,73.35,Verde,3,2
1117,5.6,36.18,36.25,24196,24196,94.1,Amarillo,1,1
1118,2,10,10,1211,257.5,89.9,Amarillo,1,2
1130,2,24.05,10,2320.5,3,114.2,Amarillo,1,2
1131,2,10,10,2046,122,90.9,Amarillo,1,2
1132,2,14.48,10,2143,156,90.2,Amarillo,1,2
1133,2,10,10,4106,20,49.8,Amarillo,1,2
1139,3.33,42.14,10,4600,930,22.05,Rojo,2,2
1140,3.7,15.945,20,150,130,42.1,Verde,3,2
1141,3.465,21.6,20,106.5,106.5,49.2,Verde,3,2
1153,2,16.88,36.805,3076,171,76.6,Amarillo,1,2
1154,2,13.76,30.77,1450,121,79.7,Amarillo,1,2
1155,3.12,42.74,28.195,805.5,10,91.35,Rojo,2,2
1158,6.8,22,10,2400,1750,135.1,Amarillo,1,2
1159,3.36,20.93,10,90,70,72.4,Verde,3,2
1161,14.5,59.2,29.625,24000,24000,15.85,Rojo,2,1
1162,31,102.42,34,24000,11000,21.6,Rojo,2,0
1163,600.6,1052.04,310,24000,24000,10,Rojo,2,1
1164,236.605,633.74,88,24000,24000,18.24,Rojo,2,1
1165,47.03,202.47,44,280,280,68.735,Rojo,2,2
1166,108,351.27,75.715,24196,24196,15.1,Rojo,2,1
1167,47.875,258.69,72.09,24196,24196,16.7,Rojo,2,1
1170,5,34,10,31.5,23,104.3,Rojo,2,2
1171,2,13.41,26,3448,430,94,Amarillo,1,2
1172,2,13.68,10,8164,320,97.9,Amarillo,1,2
1173,330.715,636.435,219.165,133078,133078,16.45,Rojo,2,1
1174,2,10,10,2400,230,94.83,Amarillo,1,2
1175,2,10,10,2551,454.5,90.785,Amarillo,1,2
1176,2,15.26,49.63,6488,241,91.2,Amarillo,1,2
1177,18.333,73.21,23,11000,2100,43.6,Rojo,2,0
1178,13,52.69,19,11000,2400,46,Rojo,2,0
1179,2,10.755,11,1288,71.5,91.45,Amarillo,1,2
1180,2,10,10,460,70,82.2,Verde,3,2
1181,2,10,10,1416.5,82,80.7,Amarillo,1,2
1182,2,10,10,988,62,87.4,Verde,3,2
1183,74.32,179.41,64.25,24196,24196,11.65,Rojo,2,1
1188,46.5,162.58,88,24000,24000,14.96,Rojo,2,1
1189,4.53,50.31,22.65,24196,24196,67.05,Rojo,2,1
1190,2,15.19,10,1842,85,101.6,Amarillo,1,2
1191,3.451,25.229,10,110,45,86.1,Verde,3,2
1192,2.05,26.14,15,4600,1500,60,Amarillo,1,2
1194,2,27.412,10,2400,930,62,Amarillo,1,2
1196,2.82,20.5,44,24196,7030,82.23,Amarillo,1,0
1197,2,10,10,3441,637,92,Amarillo,1,2
1199,2,10.37,10,1497,86,104.9,Amarillo,1,2
1200,2,10,10,1872,256,99.9,Amarillo,1,2
1201,2,15.74,10,90,70,56.5,Verde,3,2
1202,2,11.1,10,480,41,107.6,Verde,3,2
1203,2,20.305,10,715,103.5,115.1,Verde,3,2
1204,2,17.4,10,3454.5,80.5,106.65,Amarillo,1,2
1209,166.86,454.085,120,24000,1500,10,Rojo,2,0
1210,20,97,31.5,930,430,93.3,Rojo,2,2
1211,15,46,43.5,330,230,91.06,Rojo,2,2
1212,199.87,776.76,208,24000,24000,25,Rojo,2,1
1213,30,99.29,32,24000,24000,30.11,Rojo,2,1
1214,5.435,44.575,100,4600,150,69.8,Rojo,2,2
1215,4.24445,48.79,58.95495,269,176.5,73.85,Rojo,2,2
1216,26.9,210.29,108.6,24196,24196,30,Rojo,2,1
1217,2,24.4,35.33,8037.5,610.5,82.1,Amarillo,1,2
1245,9.38,41,26,930,430,97.6,Rojo,2,2
1246,51.6,167.595,220,24000,4600,33.9,Rojo,2,0
1247,2,13.2,10,335,150,97.15,Rojo,2,2
1252,2,23.63,32,1100,192,85,Rojo,2,2
1253,2,19.0072,10,909,20,98.1,Verde,3,2
1254,2,14.32,21,2832,170.5,84.8,Amarillo,1,2
1255,2,24.17,71.98,2400,93,91.2,Amarillo,1,2
1256,2,13.25,10,10,3,99.5,Rojo,2,2
1257,5,29.815,10,7270,2400,49.65,Amarillo,1,2
1259,2,13.61,12.2,4618,292,86.5,Amarillo,1,2
1260,2,10,10,10462,31,102.6,Amarillo,1,0
1261,37.5,117.5,28,24000,24000,10,Rojo,2,1
1262,2,10,10,930,63,85.9,Verde,3,2
1263,10.39,58.67,48,24196,24196,61.89,Rojo,2,1
1264,7.06,29.485,77.165,24196,24196,39.85,Amarillo,1,1
1265,2,11.87,24.33,2744.5,52,102.75,Amarillo,1,2
1266,3.08,28.42,15.7143,8357,1701,92.1,Amarillo,1,2
1267,32.71,243.31,142.5,24196,24196,14.1,Rojo,2,1
1269,2,13.31,15,602,75,99,Verde,3,2
1270,2,24.89,48.295,19863.5,12996.5,50.55,Amarillo,1,0
1271,2,10,23,84,10,96.2,Verde,3,2
1272,5,40,10,24,9,43.2,Verde,3,2
1273,6,26.5,10,43,40,50.55,Verde,3,2
1275,2,13.855,10,24196,11199,95.6,Amarillo,1,0
1276,5,41.58,10,11000,2400,70.5,Rojo,2,0
1277,4.25,32,10,4600,2100,51,Amarillo,1,2
1278,2,20.5,78,5475,504,65.9,Amarillo,1,2
1279,2.01,21.74,78.9,4884,341,65.35,Amarillo,1,2
1280,2,17.09,58,3654,262,62.7,Amarillo,1,2
1281,7.89,60.5,37.81,18596,7147.5,37.28,Rojo,2,0
1282,5.42,45.835,16.985,1565,193,69.415,Rojo,2,2
1283,5.76,47.87,36.05,3551,25.5,72.215,Rojo,2,2
1284,2,10,11.75,4106,20,107.45,Amarillo,1,2
1285,2,10,51,18,63,74.93,Verde,3,2
1286,2,10,11,10133,134.5,102.505,Amarillo,1,0
1287,76.67,170.99,44.07,24000,4600,27,Rojo,2,0
1288,2,12.15,15.25,744.5,3,107.7,Verde,3,2
1291,2,15.12,50.94,12033,4003,83.8,Amarillo,1,0
1292,2,10,10,2400,2400,105.7,Amarillo,1,2
1293,2,10.9,11,460,41,79,Verde,3,2
1294,2,24.34,10,11000,1500,58.9,Amarillo,1,0
1295,12.11,99.24,39,11000,2100,43.4,Rojo,2,0
1297,2,10.555,10,3255,119,34.2,Amarillo,1,2
1299,2,16.415,10,150,150,69.35,Verde,3,2
1300,2,21.71,10,150,90,59.9,Verde,3,2
1301,2.25,49.445,18,750,100,58.7,Rojo,2,2
1304,6.21,31.165,28,612,290,91.3,Amarillo,1,2
1389,2,72.07,33,20,1012,55.9,Rojo,2,2
1390,2,10,26,1725,644,70.9,Amarillo,1,2
1411,2,16.62,10,17.5,3,83.21,Verde,3,2
1412,2,12.48,10,40,9,77.42,Verde,3,2
1413,2,25.135,10,70,40,93,Verde,3,2
1414,2,24.92,10,40,20.75,44.305,Verde,3,2
1533,2.3,10,38.5,150,3,76.8,Verde,3,2
1534,2.92,24.77,53,785,10,72.7,Verde,3,2
1573,4.26,35.645,18.57,589.5,165.5,70,Verde,3,2
1574,2,36,15,932,189,115,Verde,3,2
1669,7.93,72,71,460,6,105.3,Rojo,2,2
1738,4.815,60.09,51.43,1860,164.5,98.7,Rojo,2,2
1746,8.17,68.9,30,220,90,103.5,Rojo,2,2
1756,154.92,369.7,84,24196,14136,13.65,Rojo,2,0
1757,5.49,30.9,30,15531,3654,67,Amarillo,1,0
1758,153.9,531.13,106.67,101900,24196,19.05,Rojo,2,1
1759,2,10,10,2400,2400,104.5,Amarillo,1,2
1760,79.57,254.04,90,241960,241960,10,Rojo,2,1
1761,2,16.815,10,522,10,77.15,Verde,3,2
1762,12.08,64.17,13,24196,24196,54.35,Rojo,2,1
1765,2,10,10,1100,110,90.6,Amarillo,1,2
1766,2,11.995,10,11199,482,103.835,Amarillo,1,0
1767,2,10,12,90,90,107.5,Verde,3,2
1775,2,12.99,10,2055,265.5,73.345,Amarillo,1,2
1777,2,14.97,30,2100,118,90.7,Amarillo,1,2
1778,2,10,10,932,146,88.15,Rojo,2,2
1779,2.31,39.86,76,4600,613,60,Amarillo,1,2
1780,2,10,10,3076,2066.5,87.1,Amarillo,1,2
1781,1445.98,2123.715,1360,241960,133078,10,Rojo,2,1
1782,1110.46,4335.71,1840,1113950,256050,10,Rojo,2,1
1783,43.7,131.505,73,24196,24196,44.3,Rojo,2,1
1784,3.09,31.37,11,3500,835,38.8,Amarillo,1,2
1785,3.2,72.76,10,24196,6131,10.9,Rojo,2,0
1786,13.98,66.1,49.165,24000,1215,16.95,Rojo,2,0
1787,2,18.315,13.8,9506,327.5,77.2,Amarillo,1,0
1788,7.3,29.93,86,230,90,100.3,Verde,3,2
1789,8.235,56.256,32,24196,24196,31.9,Rojo,2,1
1790,3.21,18.43,22,430,240,79.65,Verde,3,2
1797,2.67,17.14,12,2247,145,86.35,Amarillo,1,2
1798,8,36.41,97.5,230,160,100.65,Verde,3,2
1799,2,10.13,10,1683,41,104.7,Rojo,2,2
1800,26.55,128.01,80,24196,134,105.6,Rojo,2,0
1801,5.505,28.11,10.5,13566.5,2099.5,86.95,Amarillo,1,0
1802,3.21,33.735,10,4600,2100,22,Amarillo,1,2
1803,2,24.83,25.5,18114.5,285,100.3,Amarillo,1,0
1804,10.42,42.175,71,8664,460,102.55,Rojo,2,2
1805,6.61,29.5,40.33,430,330,100.9,Verde,3,2
1806,7,31,42,460,430,102.5,Verde,3,2
1807,4.85,32.15,27,2247,98,57.7,Amarillo,1,2
1808,5.2,41.89,42,230,230,51.54,Rojo,2,2
1809,4.99,39.19,51,3448,200,55.3,Amarillo,1,2
1810,4.255,28.625,26,1872,122,74.3,Amarillo,1,2
1811,4.51,33.68,41,2755,155,57.36,Amarillo,1,2
1821,2.19,15.49,43.33,930,930,65.78,Amarillo,1,2
1826,2,10.92,10,909.5,10,125.6,Verde,3,2
1832,2,25.2,39,930,430,63.6,Verde,3,2
1835,2,17.3,55,1539,30,84.3,Amarillo,1,2
1836,2.2,12.79,10,90,70,37.265,Verde,3,2
1837,2,10,10,5546,109.5,75.7,Amarillo,1,2
1839,2,10,10,759.5,115.5,85.95,Verde,3,2
1842,3.78,10,10,63,10.75,87.85,Verde,3,2
1843,2,20.39,10,210,90,64.8,Verde,3,2
1845,2,10,10,2046,41,91.1,Amarillo,1,2
1846,2,10,10,14136,282,75.45,Rojo,2,0
1847,2,31.55,10,2232,25,57.22,Amarillo,1,2
1848,2,10,10,4116.5,160.5,76.9,Amarillo,1,2
1849,2,10,10,242,31,79.85,Verde,3,2
1851,2,10,16,2909,122,57.315,Amarillo,1,2
1852,2,18.13,10,1872,131,14.25,Amarillo,1,2
1853,2,30.18,10,6131,109,10,Amarillo,1,2
1854,2,14.21,24.6,2755,259,65.3,Amarillo,1,2
1855,2,10,42,1515,169,77.6,Amarillo,1,2
1856,2,10,10,2755,109,33.1,Amarillo,1,2
1857,2,10,20.5,2481,238,69,Amarillo,1,2
1858,2,12.54,10,2143,135,10,Amarillo,1,2
1859,2,21.74,13,1989,120,35.6,Amarillo,1,2
1860,2,10,29.33,2909,187,50.8,Amarillo,1,2
1861,2,10,44.4,2046,203,59.2,Amarillo,1,2
1862,2,24.48,10,4106,441,12.7,Amarillo,1,2
1863,2,13.38,16,1198,728,87.7,Amarillo,1,2
1864,2,27.01,10,3076,161,29.35,Amarillo,1,2
1873,2,16.72,10,7701,120,94.7,Amarillo,1,2
1875,3.81,24.75,12,2400,2400,77.87,Amarillo,1,2
1876,15.885,79.17725,28,24000,24000,41.43,Rojo,2,1
1877,16,72.5,29,2400,930,81.1,Rojo,2,2
1878,12.415,101.03,32,24000,24000,52.3,Rojo,2,1
1879,18.5,58.5,24.5,24000,24000,10,Rojo,2,1
1880,3.1,24.49,10,2100,2100,71.7,Amarillo,1,2
1881,3.3,18.39,10,2100,930,74.7,Amarillo,1,2
1882,7.29,31.52,16,17500,17500,56.15,Rojo,2,0
1884,4,87.709,23.5,230,250,55,Rojo,2,2
1891,3.66,28.42,39.6875,2430,139.5,96.4,Amarillo,1,2
1892,3.6,25.17,14,390,230,67.57,Verde,3,2
1906,2,18.9,38,1914,46.5,63.6,Amarillo,1,2
1907,2,14.416,58,2755,20,83.4,Amarillo,1,2
1911,2,28.11,12.5,2400,695,68.8,Amarillo,1,2
1912,2,23.38,11,24000,2100,59.8,Amarillo,1,0
1913,2.1,28.98,10,1500,750,32.6,Amarillo,1,2
1914,680,1115,113.3,24000,11000,13.8,Rojo,2,0
1916,7.25,54.76,33,11000,1500,48,Rojo,2,0
1922,2,10,10,460,430,101.8,Verde,3,2
1923,22.3,96.5,65,24000,17500,85.7,Rojo,2,0
1924,2,21.84,50.5,5634.5,298,66.15,Amarillo,1,2
1925,28.765,85.19,13,2400,930,51.15,Rojo,2,2
1926,2.485,10,10,1500,69,73.2,Amarillo,1,2
1927,2,12.3,10.3,4360,452,83,Amarillo,1,2
1928,2,10,11,2909,110,90.7,Amarillo,1,2
1929,53.4,145.74,50,24000,24000,89.2,Rojo,2,1
1930,31.75,134.5,46,24000,24000,85.4,Rojo,2,1
1931,2.49,20.5,14,840,750,70.5,Verde,3,2
1932,2.07,16.5,12,200,200,79.45,Verde,3,2
1933,2,29.125,18.75,24196,24196,89.7,Amarillo,1,1
1936,37.9,118,70,24000,24000,10,Rojo,2,1
1937,62,137,74,24000,24000,10,Rojo,2,1
1938,8.79,67.9868,10,24196,89,57.35,Rojo,2,0
1939,5.16,21.82,20,2400,2400,55.75,Amarillo,1,2
1940,3.72,25.17,16,1500,1500,52.53,Amarillo,1,2
1941,4.33,40.5,115.75,12515,1137,102.25,Rojo,2,0
1943,27.885,91.365,46.4286,24196,24196,84.15,Rojo,2,1
1944,10,93.44,31,24000,4600,50.5,Rojo,2,0
1946,32.665,104,155.25,24000,7800,42.8,Rojo,2,0
1947,12.415,48.785,13.5,11000,1300,38.85,Rojo,2,0
1948,2.57,30.39,16.5,24000,2250,52,Amarillo,1,0
1949,40.835,139.25,119.525,24000,11000,57.35,Rojo,2,0
1952,41.03,145.02,54,24196,24196,40.9,Rojo,2,1
1953,4.06,31.87,52,24196,5475,90.2,Rojo,2,0
1954,2,15.39,10,631.5,10,74.65,Verde,3,2
1956,2,10,10,1349,91.5,83.9,Amarillo,1,2
1958,2,10,10,85,3,83.7,Verde,3,2
1959,100.76,346.575,131,24000,24000,19.2,Rojo,2,1
1960,2,10,10,1246,670,84.9,Amarillo,1,2
1965,16.95,54.15,20,1800,1800,60.7,Rojo,2,2
1966,15.65,54.235,16,930,930,61.3,Rojo,2,2
1969,3.19,20.258,26.83335,1211.5,70.5,87.325,Amarillo,1,2
1970,2,10,10,69,20,98.85,Verde,3,2
1971,2,10,10,410,15,91.7,Verde,3,2
1972,2,10,10,1275,146,72.75,Rojo,2,2
1973,2,10,10,2992.5,187,93.45,Amarillo,1,2
1974,7.315,55.71,46.5,24000,7800,53.6,Rojo,2,0
1975,2,10,17,2400,508,90.65,Amarillo,1,2
1976,3,17.36,36,1100,930,66.6,Amarillo,1,2
1977,2,10,10,240,235,108,Verde,3,2
1978,7.855,43.56,11.6,24196,24196,82.15,Rojo,2,1
1979,2,15.35,10,6488,345,84.85,Amarillo,1,2
1980,2,18.215,11,11000,2400,72.7,Amarillo,1,0
1981,2,23.89,18,4600,1500,53,Amarillo,1,2
1982,4.255,16.93,23.25,11199,534.5,62,Amarillo,1,0
1983,2,13.44,40.23,7799,1234,73.2,Amarillo,1,2
1984,2,10,40,1500,855,72.9,Rojo,2,2
1985,2.74,34.8,509.62,11000,1800,80.3,Amarillo,1,0
1986,46.37,249.29,71,24000,210,30.3,Rojo,2,0
1987,41.9,196.115,67.5,24000,280,22.2,Rojo,2,0
1988,2,10,10,417,31,102.65,Verde,3,2
1989,43.2,200.28,52,11000,11000,32.1,Rojo,2,0
1992,2,12.6,10,909,10,102.5,Verde,3,2
1993,2,13.41,10,1205.5,20,102.05,Amarillo,1,2
1994,2,12.6,10,776,20,98,Verde,3,2
1996,2,10,10,40,40,99.7,Verde,3,2
1997,2,10,10,240,230,101.9,Verde,3,2
2019,2,10,10,1296,99,89.2,Rojo,2,2
2020,2,26,10,855,3,10,Amarillo,1,2
2025,2,22.805,38.5,2400,329.5,79.2,Amarillo,1,2
2026,2,22.05,62.31,4352,249,100.76,Amarillo,1,2
2027,2,25.39,13,11000,2400,65.9,Amarillo,1,0
2028,2,10,24,2816,343,89.35,Amarillo,1,2
2037,18,59,57,2400,930,59.85,Rojo,2,2
2038,2,16.225,10,1945.5,132,112.7,Amarillo,1,2
2039,2,14.78,22,990,70,91.3,Verde,3,2
2045,2,10,10,2755,91.5,106.9,Amarillo,1,2
2047,24.27,93.935,64.5,24000,24000,78.4,Rojo,2,1
2048,10.36,30.36,24,7800,7800,67.6,Rojo,2,0
2050,6.24,27.13,16,4600,4600,67,Amarillo,1,2
2051,2,10,17,2755,79,76.2,Amarillo,1,2
2052,2,22.14,10,1500,930,40.2,Amarillo,1,2
2053,2,14.42,10,2968.5,980,71.6,Amarillo,1,2
2054,3.45,42,11,192.5,4,80.05,Rojo,2,2
2055,3.9,58.65,22,180,3.5,73.3,Rojo,2,2
2056,42.98,161.63025,52,24000,24000,28.41,Rojo,2,1
2057,52.415,210.69,114,24000,24000,26.645,Rojo,2,1
2204,2,26.43,15,4600,930,63,Amarillo,1,2
2230,147.505,399.36,130,24000,24000,15.9,Rojo,2,1
2280,2,11.59,10,653,8.5,102.5,Verde,3,2
2306,12,45.5,39,11000,11000,72.8,Rojo,2,0
2309,6.7,26.155,24,2400,4600,52.665,Amarillo,1,2
2313,5.33,36.28,10,8664,2400,40.4,Amarillo,1,2
2315,2,10.83,10,40,9,87.25,Verde,3,2
2317,94.35,321.95,130,24000,24000,12.7,Rojo,2,1
2358,3.38,38.78,24.2,2014,98,87.4,Amarillo,1,2
2359,2,31.104,24.5,75,3,87.9,Verde,3,2
2360,2,12.3,69.88,2668,115,99.15,Amarillo,1,2
2365,18.87,70.46,26,24196,3351.5,30.35,Rojo,2,0
2369,2,21.728,10,305,3,80.5,Verde,3,2
2389,4.2,19.32,10,187,3,100.26,Verde,3,2
2396,5.5,38.625,10,41,3,24.3,Rojo,2,2
2436,2,20.85,10,878,3,100.7,Verde,3,2
2539,2.75,21.844,10,108,3,98.455,Verde,3,2
2542,2,27.715,10.3,135,3,51.3,Verde,3,2
2544,3.7,26.39,10,187,3,41,Verde,3,2
2594,5.5,46.5,10,40,35,90.95,Rojo,2,2
2628,2.285,22.09,10,262,3,51.535,Verde,3,2
2629,7,47.58,12,24196,24196,32.75,Rojo,2,1
2650,7.9,61.87,56.84,677,86,10,Rojo,2,2
2651,7.44,44.58,28,313,98,17.444,Rojo,2,2
2764,30,94.115,20,24000,4600,14.2,Rojo,2,0
2765,15.25,56.824,10,24000,4600,22.6,Rojo,2,0
2767,2,10,20,4600,2250,83.73,Amarillo,1,2
2768,111.97,514,220,241960,105860,23.5,Rojo,2,1
2769,346.155,1377.95,500,2419600,1299700,10,Rojo,2,1
2772,6.775,38.52,16.5,24000,3500,56.5,Rojo,2,0
2773,3.27,22.47,24,2100,1500,65.1,Amarillo,1,2
2774,25.9,98.8,21,3,3,82,Rojo,2,2
2775,43.22,141.38,61,24000,24000,37.37,Rojo,2,1
2776,270,571,290,24000,24000,50.6,Rojo,2,1
2777,25,117,29,24000,24000,77.4,Rojo,2,1
2778,8.7,30.74,24,4600,2400,52.05,Amarillo,1,2
2779,5.645,29.425,16,4600,4600,52.235,Rojo,2,2
2780,250,636.48,275.715,24000,24000,10,Rojo,2,1
2781,70,231.1,66.275,24000,6700,31.7,Rojo,2,0
2782,7.655,36.19,15.33,24196,24196,92.4,Amarillo,1,1
2783,37.055,122.58,169.535,24000,4600,40.65,Rojo,2,0
2786,173.3,376.75,200,24000,11000,10,Rojo,2,0
2787,70,213,160,24000,4600,15,Rojo,2,0
2788,22,64,80,24000,11000,28.15,Rojo,2,0
2789,60.92,523.05,4276,930,930,54.1,Rojo,2,2
2790,2,12,10,210,150,61.8,Verde,3,2
2791,2,16.415,22,2440.5,396.5,102.6,Amarillo,1,2
2792,2,29.315,32,2100,590,87.5,Amarillo,1,2
2793,2,13.21,10,1570.5,30,88.2,Amarillo,1,2
2794,2,10,10,1860,110,86.6,Amarillo,1,2
2795,2.4,30.71,18.075,11000,388,81.2,Amarillo,1,0
2796,3,31.2,45,14500,763,91.7,Amarillo,1,0
2797,177.98,446.31,78.5,24000,24000,10,Rojo,2,1
2798,2,10,10,930,430,97.1,Verde,3,2
2799,5.93,42.205,10,40,40,54.715,Rojo,2,2
2800,2,16.63,10,1392,25,85.75,Amarillo,1,2
2801,77.11,216.2,89,24000,24000,11.12,Rojo,2,1
2802,56.67,149,94,24000,11000,21.6,Rojo,2,0
2803,25,110.105,59.87,24000,2400,36.2,Rojo,2,0
2804,99.31,333.05,70,24000,24000,14.83,Rojo,2,1
2805,17.5,123.67,52,24000,24000,61.4,Rojo,2,1
2806,91.21,219.35,80,24000,24000,17.1,Rojo,2,1
2807,69.14,229.94,70,24000,24000,17.1,Rojo,2,1
2808,2.32,35,114.5,1500,210,61.8,Amarillo,1,2
2809,2,10,27.5,2379.5,214,80.1,Amarillo,1,2
2810,2,10,10,2400,375,91.65,Rojo,2,2
2811,2,33.4,25.5,24000,11000,64.3,Amarillo,1,0
2812,4.64,31.1,36,1767.5,67.5,90.55,Amarillo,1,2
2813,2,29.1065,27,460,485,59,Rojo,2,2
2814,2.145,32.21,12.5,2400,930,76.5,Amarillo,1,2
2815,2.19,15.71,21,4600,1859.5,77.4,Amarillo,1,2
2816,4.86,72.095,31.43,9562,207.5,103.6,Rojo,2,0
2817,2.25,11.9,10,2400,14,94.5,Amarillo,1,2
2818,2,10,10,24196,24196,95.15,Amarillo,1,1
2819,2.17,35.62,47,9350.5,2100,59,Amarillo,1,0
2820,2,33.607,13,2100,930,57.2,Amarillo,1,2
2821,2,23.04,14,1638.5,296.5,93.4,Amarillo,1,2
2822,2,18.9088,32.1,9234,700,92.2,Amarillo,1,0
2823,4.08,11.47,15.5,210,210,72.5,Verde,3,2
2824,2,25.205,10,1500,430,88.9,Amarillo,1,2
2825,2.095,27.415,22,3500,750,59.1,Amarillo,1,2
2826,2,24.76,24,1500,750,66,Amarillo,1,2
2827,2,27.86,17,1665,275,65.8,Amarillo,1,2
2828,2,10,21,2400,2100,86.57,Amarillo,1,2
2829,4.65,27,10,24000,2400,52,Amarillo,1,0
2830,2,10,10,1553,187,91.4,Amarillo,1,2
2831,10.15,36.145,21,11000,11000,67.185,Amarillo,1,0
2832,118.12,343.435,161,24000,24000,19.135,Rojo,2,1
2834,23,70,74,24000,24000,58.45,Rojo,2,1
2835,2,10,10,2400,430,91.4,Amarillo,1,2
2836,2,17.16,10,2007,75,95.3,Amarillo,1,2
2837,101.45,252.054,93.33,24196,24196,10,Rojo,2,1
2838,29,146,40,24000,2400,37.6,Rojo,2,0
2839,34.39,103.585,86.667,24196,24196,10.75,Rojo,2,1
2840,22,80,56,24000,24000,18.85,Rojo,2,1
2841,87.825,259.84,120,241960,241960,10,Rojo,2,1
2842,3.01,19.84,10,150,93,58.2,Verde,3,2
2843,2,10,15,2400,930,84.1,Amarillo,1,2
2844,2,10,21,2400,586.5,88.15,Amarillo,1,2
2845,1015,2816.625,1010,24196,24196,10,Rojo,2,1
2846,11,49,19,24000,11000,85,Rojo,2,0
2847,19.535,89.85,94.52,24196,24196,77.85,Rojo,2,1
2848,3.6,12,23,101.5,43,102.2,Verde,3,2
2849,2,10.395,40,11000,750,78.8,Amarillo,1,0
2850,2,11.84,12,930,430,99.3,Verde,3,2
2851,2,10,20.5,91.5,40,100.6,Verde,3,2
2852,3.59,24.95,44,1724,41,84.6,Rojo,2,2
2853,2,20.35,10,9208,3654,92.5,Amarillo,1,0
2854,7.79,50.175,28.5,24000,2400,53.5,Rojo,2,0
2855,2.85,18.14,36,110,90,67.25,Verde,3,2
2856,2,14.59,11.75,3165.5,73.5,102.35,Amarillo,1,2
2857,62,146.58,72.5,24000,24000,10,Rojo,2,1
2858,2,28.97,10,2400,460,64.1,Amarillo,1,2
2859,2,31.05,38.335,15531,1459,82,Amarillo,1,0
2860,46.295,161.36,106.6667,24196,24196,10.1,Rojo,2,1
2861,2,12.8,18,2400,297,71.77,Amarillo,1,2
2862,2,27.788,15.5,840,174.5,63,Verde,3,2
2865,2,17.94,146,1950,590,62.7,Amarillo,1,2
2866,2,10,10,2100,109,82.6,Amarillo,1,2
2867,2,35.47,92,210,150,86.3,Verde,3,2
2868,2,20.54,55,12997,1782,86.8,Amarillo,1,0
2869,3.84,23.017,29.615,3873,294,96.9,Amarillo,1,2
2870,2,10,10,4605,2400,83.2,Amarillo,1,2
2871,2,10,48,7147.5,1946.5,105.6,Amarillo,1,2
2872,2,18.425,12,2400,175,73.2,Amarillo,1,2
2873,2.11,26.496,13,2400,930,69.2,Amarillo,1,2
2874,7.36,48,32.585,11000,4600,58.1,Rojo,2,0
2875,3.42,29.24,10,24000,2100,55.4,Amarillo,1,0
2876,2,22.692,15,930,355,59.8,Verde,3,2
2877,2.6,17.6,10,150,15,105.6,Verde,3,2
2878,2,23.26,17,2400,930,87.95,Amarillo,1,2
2879,4.55,40.6,111.11,11000,2100,59,Rojo,2,0
2880,2,22.27,10,24000,930,60.2,Amarillo,1,0
2881,2.32,26.15,10,2400,840,59,Amarillo,1,2
2882,2,29.193,10,1548.5,52,96.4,Amarillo,1,2
2883,2.8,37.14,508.44,2400,460,64,Amarillo,1,2
2884,2,30.72,86,2400,505.5,63,Amarillo,1,2
2885,2,17.95,171.5,2400,1350,88.75,Amarillo,1,2
2886,2,25.5,10,1500,640,62,Amarillo,1,2
2887,8.735,31.455,110,1440,1415,63.55,Amarillo,1,2
2888,2.18,28.65,27,2100,930,58,Amarillo,1,2
2889,2.22,34.8,11,4600,1500,37.6,Amarillo,1,2
2890,2,20.45,126.7,15531,301,102.3,Amarillo,1,0
2891,2,14.0045,16,1911.5,430,73,Rojo,2,2
2892,2,16.97,30.785,6488,1043,98.6,Amarillo,1,2
2893,2,30.14,10,1500,210,85.3,Amarillo,1,2
2894,2.57,24.825,10,90,70,48.45,Verde,3,2
2895,2,22.415,50.865,1174,66.5,97.2,Amarillo,1,2
2896,2,18.595,12.15,1100,101.5,83.6,Amarillo,1,2
2897,3.33,30.5,10,70,40,57.9,Verde,3,2
2898,2,25,16,930,330,66.6,Verde,3,2
2899,2,30,52,1100,210,87.5,Amarillo,1,2
2900,2,12.26,11,5323.5,855,79.47,Amarillo,1,2
2901,2,25.14,13.25,1741,166.5,103.45,Amarillo,1,2
2902,510.99,1843.68,226.6667,133078,241960,10,Rojo,2,1
2903,2,12.935,10,7932.5,217.5,102.3,Amarillo,1,2
2904,2,26.5,16.5,930,150,65.45,Verde,3,2
2905,2.4,27.175,127.88,282,23,77.7,Verde,3,2
2907,2,19.87,34.5,12033,199,99.1,Amarillo,1,0
2908,2.865,14.932,17.9,8686,316,94.45,Amarillo,1,2
2909,2,10,10,14136,441,95.5,Amarillo,1,0
2910,2,28.27,58.57,2100,515,87.9,Amarillo,1,2
2911,3.6,15.36,13,750,750,64.97,Verde,3,2
2912,2,10,18.5,2247,241,83.52,Amarillo,1,2
2913,4.2,18.24,12,1200,1200,72.3,Amarillo,1,2
2914,2,19.36,126.4,5794,421.5,98.05,Amarillo,1,2
2915,2,13.755,10,3019.5,166.5,106.15,Amarillo,1,2
2916,13.8,74.8,52.535,24000,2100,61.8,Rojo,2,0
2917,2,12.15,20.5,2695,376.5,92.6,Amarillo,1,2
2918,2,24.92,10,1600,605,58.65,Amarillo,1,2
2919,2,10,10,230,150,103.4,Verde,3,2
2920,4.74,25,27,150,90,104.05,Verde,3,2
2921,75.31,204.53,44,24000,24000,22.85,Rojo,2,1
2922,2,28.005,16,4600,1500,58.7,Amarillo,1,2
2923,2.7,22.635,14,8664,280,90.5,Amarillo,1,2
2924,2,13.475,17.4,2400,206.5,87.4,Amarillo,1,2
2925,2.3,13.44,28,230,230,64.3,Verde,3,2
2926,138.335,356.5,133.635,24000,4600,10,Rojo,2,0
2927,2,24.32,26,6520,1300,65,Amarillo,1,2
2928,2,14.76,16.25,2303,140,100.5,Amarillo,1,2
2929,2,26.77,19,3500,1300,59.9,Amarillo,1,2
2930,2,25.98,41,430,90,64,Verde,3,2
2931,2,14.935,10,1522,173,74.75,Amarillo,1,2
2932,9.9,53.6,96,14136,776,95.6,Rojo,2,0
2933,3.18,19.39,32,430,430,74.31,Verde,3,2
2934,2,24.41,10,1065,280,62.05,Amarillo,1,2
2935,11,80.33,56.5,24000,4600,74.7,Rojo,2,0
2936,5.415,49.77,19,240,93,49.1,Rojo,2,2
2937,2,10,19,2400,731,73.12,Amarillo,1,2
2938,2,25.55,36,930,230,67,Verde,3,2
2939,2,15.96,10,1015,30.5,99.7,Amarillo,1,2
2940,2,17.32,27,8664,1500,97.45,Amarillo,1,2
2941,5.9,26.64,12,24000,4600,86.7,Amarillo,1,0
2943,2,14.165,10,430,20.5,101.2,Verde,3,2
2944,2,29.13,24.5,430,210,70,Verde,3,2
2945,2,21.63,10,2755,86,109.1,Amarillo,1,2
2946,2,10,10,3448,63,111.8,Amarillo,1,2
2947,11.67,68.97,107.1,24000,4600,51,Rojo,2,0
2948,13,51,26,11000,3500,89.3,Rojo,2,0
2949,2,84.414,25,2037,285.5,69.55,Rojo,2,2
2950,2,30,10,4600,1500,56.7,Amarillo,1,2
2951,2,13,23.665,91.5,90,96.5,Verde,3,2
2952,2,14.1264,27.5,2382,41,96.6,Amarillo,1,2
2953,192.625,503.385,142,24000,930,12.95,Rojo,2,0
2954,2,26.37,10,2400,873,86.05,Amarillo,1,2
2982,3.36,16.395,22,2250,2250,75.47,Amarillo,1,2
2990,2,31.35,10,4600,1500,47,Amarillo,1,2
2991,2,10,10,12098,475.5,105.09,Amarillo,1,0
2992,2,17.6,10,1860,75,87.9,Amarillo,1,2
2993,3.06,24.79,21,930,930,68.2,Amarillo,1,2
2994,2,11.05,10,150,30,92.4,Verde,3,2
2995,3.4,21.305,11,19863,5475,93.7,Amarillo,1,0
2996,6.15,34.45,18,24000,5515,93.3,Amarillo,1,0
2997,4.91,26.88,20,24000,1500,76.6,Amarillo,1,0
2998,3.45,28.73,26,11000,966.5,106.7,Amarillo,1,0
2999,2.6,13.75,24,10462,958,105.1,Amarillo,1,0
3000,4.87,20.19,26,24000,10462,85.3,Amarillo,1,0
3001,5.205,29.185,24.75,24000,2191,99.3,Amarillo,1,0
3002,2,14.66,10,2909,110,93.5,Amarillo,1,2
3003,6.25,25.56,10,24000,11000,89.9,Amarillo,1,0
3004,6.4,30.48,12,24000,280,91.2,Amarillo,1,0
3005,5.4,35.025,10,24000,70,83.75,Amarillo,1,0
3006,5.26,29.41,10,24000,6550,89.9,Amarillo,1,0
3007,5.95,34.07,16,24000,2400,91,Amarillo,1,0
3008,4.61,23.86,10,24000,10104,92.35,Amarillo,1,0
3009,5.1,26.95,10,17500,13,92.555,Amarillo,1,0
3010,5.2,31.99,12,14300,4,92.75,Amarillo,1,0
3011,4.22,32.59,11,24196,24196,92.1,Amarillo,1,1
3012,4.4,31.42,12,24000,15531,103.1,Amarillo,1,0
3013,7.665,39.37,39,24000,11000,59,Amarillo,1,0
3014,1075,1888,290,24000,11000,10,Rojo,2,0
3015,72.665,218.085,152.78,24000,11000,10,Rojo,2,0
3016,48.3,186.5,193.33,24000,4600,37.8,Rojo,2,0
3017,103.3,218.81,52.73,24000,4600,10,Rojo,2,0
3018,53.165,184.79,246.75,17500,3500,19,Rojo,2,0
3019,46.39,158.24,115.15,24000,11000,10,Rojo,2,0
3020,47.5,131.27,136.875,24000,11000,12.4,Rojo,2,0
3021,27.335,157.75,72.75,24000,695,34,Rojo,2,0
3022,35,145.45,82.405,24000,4600,33.1,Rojo,2,0
3023,5.91,33.815,21,24000,4600,54,Amarillo,1,0
3025,2,10,10,1051.5,87.5,79.735,Amarillo,1,2
3026,7.5,27.865,60,17500,11000,98.4,Amarillo,1,0
3027,2,14.12,46,4600,210,74.8,Amarillo,1,2
3030,2,10,10,1100,137.5,89.785,Amarillo,1,2
3036,4.885,76.625,43.33,24196,25,97.65,Rojo,2,0
3038,5.81,82.416,10,2310,243,31.37,Rojo,2,2
3042,7.05,67.91,39,210,175,66,Rojo,2,2
3044,7.885,60.48,28,93,40,51.5,Rojo,2,2
3050,3,14.88,34,70,70,59.05,Verde,3,2
3051,2.83,14.16,28,145,125,61.3,Verde,3,2
3052,3.48,20.32,20,70,70,54.49,Verde,3,2
3053,2.725,18.88,32,93,93,55.36,Verde,3,2
3054,2.5,28.44,42,45.75,45.75,56.8,Verde,3,2
3058,2,17.365,15.25,2359,121.5,85,Amarillo,1,2
3059,3.2883,29.8832,17.08335,2656.5,473,72.9,Amarillo,1,2
3060,2,10,11.5,2613,31,124.4,Amarillo,1,2
3061,2.94,18.3288,13.81875,3255,110,105.05,Amarillo,1,2
3062,2,10,10,1086,52,72.6,Amarillo,1,2
3063,2,44.13,10,1106,150.5,95.7,Rojo,2,2
3064,2,30.425,75,12997,52,69.95,Amarillo,1,0
3065,13.59,46.56,38,17500,17500,61.9,Rojo,2,0
3066,2,21.844,10,1031.5,10,59,Amarillo,1,2
3067,20,82,83,220,70,63.7,Rojo,2,2
3068,17.5,64,40,11000,4600,36.4,Rojo,2,0
3069,8,70,40,11000,11000,90.35,Rojo,2,0
3070,17,62,57,11000,2400,45.95,Rojo,2,0
3071,7.58,44.14,69.0715,2924,91.5,52.65,Rojo,2,2
3072,2,26.094,35,1274,31,90.15,Amarillo,1,2
3073,2,20.43,44,11247.5,103,99.45,Amarillo,1,0
3074,3.21,38.765,167.5,2400,240,61.2,Amarillo,1,2
3075,16,63,16,4600,4600,85.8,Rojo,2,2
3076,2,27.67,125,1500,390,83,Amarillo,1,2
3077,2,22.13,161.285,2400,930,86.75,Amarillo,1,2
3078,2,16.39,10,1155,20,101.2,Rojo,2,2
3079,2,18.81,74,455,20,93.2,Verde,3,2
3080,4.56,40.83,10.5,24196,3873,81.4,Rojo,2,0
3081,5.94,35.08,40,24196,19863,88.55,Amarillo,1,0
3082,2,31.745,27,20762.5,154,88.8,Amarillo,1,0
3083,5.7,33.936,47,19863,119,106.3,Amarillo,1,0
3086,2,17.175,14,2100,150,102.65,Amarillo,1,2
3087,2.645,33.551,10,151.5,29,92.05,Verde,3,2
3088,2,10.99,43.08,5475,110,99.7,Rojo,2,2
3089,17.9,56.545,23,24196,24196,59.75,Rojo,2,1
3090,2,16.88,46.4286,5794,345,71.05,Amarillo,1,2
3091,2,17.39,10,1789,63,94.2,Amarillo,1,2
3092,2,12.042,10,2046,62,84.5,Amarillo,1,2
3093,2,17.8112,20.5,2613,272,87.8,Amarillo,1,2
3094,2,15.23,24,2481,238,92.1,Amarillo,1,2
3095,2,11.9034,16.5,2098,315,90.25,Amarillo,1,2
3096,2,14.78,10,2359,85,93.7,Amarillo,1,2
3097,2.65,13.16,10,1989,31,92.6,Amarillo,1,2
3098,2,16.4,35,4140,379,83.9,Amarillo,1,2
3099,2,13.5,16.5,3448,384,87.8,Amarillo,1,2
3100,16.665,89.64,70.5,24000,6950,37.5,Rojo,2,0
3101,2,10,10,460,460,83.1,Verde,3,2
3102,4.2,22.05,16,430,430,89.9,Verde,3,2
3103,2,10,10,59,41.5,85.9,Verde,3,2
3104,2,10.82,10,430,230,102.7,Verde,3,2
3105,2,15,13,90,43,95.1,Verde,3,2
3106,2.005,12.239,10,90,90,72,Verde,3,2
3107,4.2,21.675,30,210,210,73.1,Verde,3,2
3108,260,653.94,136.36,24000,24000,10,Rojo,2,1
3109,2,18.75,10,680,330,69,Verde,3,2
3110,3.33,14.4,16,840,840,61.245,Verde,3,2
3111,2,25.9718,13.415,6309.5,528.5,101.35,Amarillo,1,2
3112,2,17.955,87.5,9804,1789,91.85,Amarillo,1,0
3113,2,30.65,52,17329,449,98.7,Amarillo,1,0
3114,2,16.852,17.5625,24196,24196,84.65,Rojo,2,1
3115,2,25.6608,25,12033,213,103.1,Amarillo,1,0
3116,6.58,47.64,63.335,24196,24196,73.65,Rojo,2,1
3117,6.72,46.41,64,24196,21870,67.6,Rojo,2,1
3118,5.44,43,43,24196,21166.5,99.5,Rojo,2,0
3119,6.02,50.17,52.93,21726.5,1223,61.8,Rojo,2,0
3120,12,49,34,930,930,65.5,Rojo,2,2
3121,4.2,26.33,18,24000,10462,91.3,Amarillo,1,0
3122,5.9,17.68,10,24000,11000,89.8,Amarillo,1,0
3123,3.7,25.485,10.5,24000,11000,84.85,Amarillo,1,0
3124,4.12,26.95,22,24000,2400,92.3,Amarillo,1,0
3125,4.46,27.37,16,24000,4600,98.5,Amarillo,1,0
3126,45,160.765,46.25,24000,4600,21.6,Rojo,2,0
3127,3.3,31.07,15,24000,4600,55.3,Amarillo,1,0
3128,4.035,50.7,330,3500,1100,67,Rojo,2,2
3129,4.17,30.89,22,1800,840,58.2,Amarillo,1,2
3130,6.93,54.64,75,24000,4600,44.5,Rojo,2,0
3131,5.4,42,61,11000,4600,47.8,Rojo,2,0
3132,5.7,37.6,65.5,11000,2400,49.2,Amarillo,1,0
3133,4,27.89,38,24000,2100,51.1,Amarillo,1,0
3134,2.29,27.89,26,4600,1500,54.5,Amarillo,1,2
3135,3.605,34.57,24,3500,1065,55.4,Amarillo,1,2
3136,4,33.88,26,4600,2400,56.5,Amarillo,1,2
3137,2.464,28.6,20,1100,750,63,Amarillo,1,2
3138,2,28,10,460,240,60,Verde,3,2
3139,2.56,33.25,31,1200,430,53.7,Amarillo,1,2
3140,4.535,30.325,22.5,2400,1500,57.3,Amarillo,1,2
3141,2,30.8,13,1500,390,51.5,Amarillo,1,2
3142,6.09,32.37,31,2100,390,58.9,Amarillo,1,2
3143,5,31.07,31,2400,280,56.3,Amarillo,1,2
3144,67,227.2,140,24000,11000,15,Rojo,2,0
3145,42,138.9,104,24000,11000,30.2,Rojo,2,0
3146,113.335,292.04,175.705,24000,4600,16,Rojo,2,0
3147,66,222.74,125.835,24000,4600,15,Rojo,2,0
3148,24,102.165,114,24000,11000,41,Rojo,2,0
3149,21.335,70.8,27,24000,4600,32.6,Rojo,2,0
3150,2,87.39,57,2100,12750,64.1,Rojo,2,2
3151,2,54,122,24000,24000,68.7,Rojo,2,1
3152,2,12.485,29.5,3828.5,36,97.8,Amarillo,1,2
3153,2,22.275,67.5,9563,1227,94.5,Amarillo,1,0
3154,5.22,23.67,68.5,24196,24196,47.25,Amarillo,1,1
3155,2,25.94,55,6700.5,611,95.55,Amarillo,1,2
3156,2,18.545,10,1238,70,92.5,Amarillo,1,2
3157,2,22.49,10,1500,90,101.7,Amarillo,1,2
3158,2,10,11.25,2755,74,102.6,Amarillo,1,2
3159,2.97,13.12,20,390,390,74.7,Verde,3,2
3160,2.9,15,24,240,230,73.64,Verde,3,2
3161,2,10,10,1361.5,103.5,92.2,Amarillo,1,2
3162,2,10,10,2613,46,103.9,Amarillo,1,2
3163,2,10,10,1690,86,108.3,Amarillo,1,2
3164,15,85.185,14.6,7284,3,119,Rojo,2,2
3165,2.47,27.36,10,40,3,57,Verde,3,2
3166,2,12.96,10,256,3,90.535,Verde,3,2
3167,2,15.96,10,447,3,102.1,Verde,3,2
3168,2,11.02,10,1956,10,115.3,Amarillo,1,2
3169,2,13.02,10,318,3,76.93,Verde,3,2
3170,2,11.87,10,399,3,69.9,Rojo,2,2
3171,2,11.68,10,350,3,64.9,Verde,3,2
3172,2,25.172,10,17,3,51,Verde,3,2
3173,2,29.6,10,80,9.5,48.2,Verde,3,2
3174,2,10,10,490.5,10,53.9,Verde,3,2
3175,2,16.11,10,391.5,10,56.9,Verde,3,2
3176,21.35,196.8,19.15,540.5,3,130.9,Rojo,2,2
3177,3,24.15,18,122,3,71.9,Verde,3,2
3178,2,15.86,10,507.5,10,52.5,Verde,3,2
3179,2,11,10,487.5,3,54,Verde,3,2
3180,8,35.88,15,2400,23,68.665,Amarillo,1,2
3181,2,26.14,10,230,70,64,Verde,3,2
3182,2,13.525,10,24196,9208,67.9,Amarillo,1,0
3183,2,28.635,10,430,90,60.9,Verde,3,2
3184,2,13.925,10,11000,933,67.9,Amarillo,1,0
3185,2,14.01,10,2100,41,70.35,Amarillo,1,2
3186,6.2,18.275,10,155.5,9,88.43,Verde,3,2
3187,2,14.983,10,10462,867,78.9,Amarillo,1,0
3188,6.35,36.34,10,9506,3,93.7,Amarillo,1,0
3189,2,10,10,2909,52,85.25,Amarillo,1,2
3190,2,20.26,10,2143,31,92,Amarillo,1,2
3191,2,13.44,35.75,2155.5,2723,90.8,Amarillo,1,2
3192,2.775,90.348,41,2613,1699,85.2,Rojo,2,2
3193,2,10,10,2142,73,121.2,Amarillo,1,2
3194,2,10.875,10,2547,104,105.15,Amarillo,1,2
3195,2,44.187,52.5,82.5,43,84.7,Rojo,2,2
3196,2,10,11,2271.5,361.5,84.3,Amarillo,1,2
3197,3.685,32.52,10,24000,4600,59.35,Amarillo,1,0
3198,4.02,16.46,24,930,930,84.5,Amarillo,1,2
3199,2.9,17.46,16,750,430,84.595,Verde,3,2
3200,4.32,18.63,20,750,750,79.18,Verde,3,2
3201,2,10,10,3255,435,74.87,Amarillo,1,2
3202,2,10,10,1908,148,76.515,Amarillo,1,2
3203,2,10,10,1226.5,46.5,89.3,Amarillo,1,2
3204,2,10,10,2400,930,101.3,Amarillo,1,2
3205,2,10,10,930,930,102.5,Amarillo,1,2
3206,2,21.07,10,930,240,68,Verde,3,2
3208,2,25.08,28.75,7580,1011.5,104,Amarillo,1,2
3209,2,24.13,30.5,11199,262,97.7,Amarillo,1,0
3210,3.1,28.42,25,24196,24196,92.1,Amarillo,1,1
3211,2,10,20,2007.5,47,86.9,Amarillo,1,2
3212,2.88,17.63,44,2738,200,85.85,Amarillo,1,2
3213,2,10,23.67,230,90,99.2,Verde,3,2
3214,2,30.52,153,205,84,60.85,Amarillo,1,2
3215,2.65,28.13,84,320,70,70.15,Verde,3,2
3216,2.9,24.235,117.75,432.5,21,77.9,Verde,3,2
3217,3.26,26.7512,170.835,6251.5,98.5,104.85,Amarillo,1,2
3218,2,17.505,31,5172,210,68.5,Amarillo,1,2
3219,2,15,20,72.5,41.5,101.35,Verde,3,2
3220,2,17,29,43,40,102.2,Verde,3,2
3221,2,10,14,2561.5,41.5,85.7,Amarillo,1,2
3222,2,10,48,1785,31,85.2,Amarillo,1,2
3223,2.1,16,37,70,43,101.1,Verde,3,2
3224,2,10,30,2400,51,81.9,Amarillo,1,2
3225,2,10,18,91.5,43,99.4,Verde,3,2
3226,2,10,45.5,4024,695,83.2,Amarillo,1,2
3227,2,10,10,230,230,105.2,Verde,3,2
3228,159.925,375.795,122,24000,220,10,Rojo,2,0
3229,2,15.53,16,11000,3255,86.9,Amarillo,1,0
3230,2.28,13.78,16,240,240,74.185,Verde,3,2
3231,3.24,16.59,20,2100,2100,68.9,Amarillo,1,2
3232,3.595,14.04,18,1500,1500,69.4,Amarillo,1,2
3233,2.43,14.03,32,1015,930,67.19,Amarillo,1,2
3234,2.88,14.76,16,930,930,77.55,Amarillo,1,2
3235,3.5,15.455,24,1100,930,68.08,Amarillo,1,2
3236,2.5,30.38,20,3255,186.5,79.95,Rojo,2,2
3237,2,34.42,13,2178,70,82.2,Amarillo,1,2
3238,2,10,28.835,90,40,99.55,Verde,3,2
3239,2,10,16.5,150,90,100.1,Verde,3,2
3240,2,10,17,2755,167,82.45,Amarillo,1,2
3241,2,42.69,33,204.5,397,84.3,Rojo,2,2
3242,2,14.14,26,2310,100,85.5,Amarillo,1,2
3243,2,15.15,22.25,2677.5,200,87.45,Amarillo,1,2
3244,2,14.245,26.25,24000,7639.5,79.3,Amarillo,1,0
3245,2.5,14.9136,20,535,535,60.75,Verde,3,2
3246,2.8,31.2,29.7143,1718,160,106.365,Amarillo,1,2
3247,2,15.9992,12.835,1871,36,86.665,Amarillo,1,2
3248,2.5,12.48,20.5,310,235,75.4,Verde,3,2
3249,3.45,20.3,19.5,430,430,66.55,Verde,3,2
3250,2.79,15.695,21,150,150,73.5,Verde,3,2
3251,3.45,18.48,16,230,230,77.56,Verde,3,2
3252,3.44,17.3,11.5,24000,2454,66.87,Amarillo,1,0
3253,2,10,10,1671,116,85.485,Amarillo,1,2
3254,2,10.1,10,2400,663,85.7,Amarillo,1,2
3255,2.01,12.6,10,230,230,81.1,Verde,3,2
3256,2.065,15.6,10,200,200,75.4,Verde,3,2
3257,7.02,20.585,20,35.75,35.75,88.65,Verde,3,2
3258,2,20.54,20,4600,750,102.3,Amarillo,1,2
3259,2,15.96,18,24000,4600,109.75,Amarillo,1,0
3260,2,10,10,11199,170.5,104.3,Amarillo,1,0
3261,2,10,16,906,110,80.9,Verde,3,2
3262,2,10,18.5,830,131,82.3,Verde,3,2
3263,2,10,17.5,1112,187,80.9,Amarillo,1,2
3264,2,12.6,10,1396,187,100.35,Amarillo,1,2
3265,2,10.95,14,988,110,86.45,Verde,3,2
3266,2,10,12,1500,104,83,Amarillo,1,2
3267,2,10,21,1956,136,72.3,Amarillo,1,2
3268,2.75,21.54,20,1311.5,31,73.85,Amarillo,1,2
3269,5.9,54.32,104,4300,14,45.85,Rojo,2,2
3270,10.8,95.05,44,8164,110,83.5,Rojo,2,2
3271,9.085,67.515,30,24000,150,50.1,Rojo,2,0
3272,2,20.9,236.6,14136,1081,94.67,Amarillo,1,0
3273,2,17.28,84,5794,84,101.6,Amarillo,1,2
3274,2,20.35,114,11000,108,96.5,Amarillo,1,0
3275,2.7,32.96,18,1500,430,61.4,Amarillo,1,2
3276,2.265,23.985,35,15531,320,83.905,Rojo,2,0
3277,2,22.848,40.8,9804,630,96.2,Amarillo,1,0
3278,2,19.0464,23.5,9320,561,96.2,Amarillo,1,0
3279,3.24,22.08,36,1100,1100,69.86,Amarillo,1,2
3280,2.67,15.74,28,1500,1500,67.62,Amarillo,1,2
3281,3.15,23.52,28,430,430,75.12,Verde,3,2
3282,2.98,18.68,28,1100,1015,66,Amarillo,1,2
3283,3.5,20.64,33,930,750,68.9,Verde,3,2
3284,2,15.05,12,1785,121,85.68,Amarillo,1,2
3285,2,36.205,10.16665,4618,813,97.13,Rojo,2,2
3286,2,28.51,10,2909,347.5,94.725,Amarillo,1,2
3287,2,10,11,1585,108,91.91,Amarillo,1,2
3288,2,17.12,20,1539,108,96.3,Amarillo,1,2
3289,2,10,11.54,1467,134,92.8,Amarillo,1,2
3290,2,10.92,17.04,3103,369,88.1,Amarillo,1,2
3291,2,17.72,16,1866,115,85.3,Amarillo,1,2
3292,2,25.55,10,2100,150,91.2,Amarillo,1,2
3293,2,13.8,12,1918,161,91.6,Amarillo,1,2
3294,2,12.485,13,1100,70,96.4,Amarillo,1,2
3295,2,27.81,14,930,230,69.3,Verde,3,2
3296,2,21.795,16,2271.5,305.5,90.4,Amarillo,1,2
3297,4.1,45.245,68,1600,7,63.5,Rojo,2,2
3298,4.1,40.045,48,780,5.5,84.5,Rojo,2,2
3299,2.95,29,36,4600,840,59.4,Amarillo,1,2
3300,3.57,31.79,25,1500,430,63,Amarillo,1,2
3301,227,489,103.5,24000,24000,10,Rojo,2,1
3302,20.5,73,14,6800,2400,60.9,Rojo,2,2
3303,10.27,54.14,27,6.5,3,99.4,Rojo,2,2
3304,9.41,45,57.5,430,210,71.25,Rojo,2,2
3305,2,17.9424,10,2081,303,85.3,Amarillo,1,2
3306,6.78,50.87,36,24000,4106,44.185,Rojo,2,0
3307,31.11,114.74,110,24196,24196,28.95,Rojo,2,1
3308,8.295,52.93,75,24196,24196,43,Rojo,2,1
3309,15.62,100,45.45,3,3,87.5,Rojo,2,2
3310,2,10,12,2100,138,80,Amarillo,1,2
3311,2,10,14.25,3474.5,75,100.9,Amarillo,1,2
3312,2,10,31,2400,135,83.785,Amarillo,1,2
3313,2,10,90,3725,750,66.4,Amarillo,1,2
3314,2,13.785,65,4605.5,621,80.925,Amarillo,1,2
3315,2,10,43,4352,310.5,86.12,Amarillo,1,2
3316,2,24.65,10,930,230,87,Verde,3,2
3317,2,25.43,11,2400,750,86.75,Amarillo,1,2
3318,2,12.505,59,2400,73.5,101.65,Rojo,2,2
3319,2,10,10,4600,387,64.5,Amarillo,1,2
3320,2,24.025,32,7800,1800,87.4,Amarillo,1,2
3321,2.43,26.65,32,2400,1500,85.4,Amarillo,1,2
3322,88.335,198.655,71.955,24000,11000,15.4,Rojo,2,0
3323,2,30.145,308.43,11000,2250,62.4,Amarillo,1,0
3324,2,26.595,16,680,175,65.4,Verde,3,2
3325,2,26.57,35.5,590,180,65,Verde,3,2
3326,2,22.27,23.5,930,205,67.165,Verde,3,2
3327,2,14.35,20,1990.5,150,103.75,Amarillo,1,2
3328,2,17.12,26,1500,41,100.6,Amarillo,1,2
3329,2,17.205,29,930,70,97.08,Verde,3,2
3330,2.49,21.68,32,240,30,94.3,Verde,3,2
3331,2,10,10,3880,232,100.2,Amarillo,1,2
3332,5.52,27.61,36,2400,2400,68.9,Amarillo,1,2
3333,10.915,38.82,25,24000,24000,52.1,Amarillo,1,1
3334,5.6,27.13,47,11000,11000,67.5,Amarillo,1,0
3335,21.9,63.72,24,24000,24000,66.3,Rojo,2,1
3336,10.02,40.02,28,24000,24000,67.6,Rojo,2,1
3337,5,24.89,26,24000,24000,78.8,Amarillo,1,1
3338,7.44,28.45,36,24000,24000,63.915,Amarillo,1,1
3339,2.95,34.21,26,2400,75,115.1,Amarillo,1,2
3340,3.64,34.13,28.5,990,275,76.9,Verde,3,2
3341,2,10,11.75,5028,109,97.65,Amarillo,1,2
3342,2,14.42,10,5172,72,98.8,Amarillo,1,2
3343,2.67,249.744,26.67,135,311,104.4,Rojo,2,2
3344,2.8,157.28,21.88,993,546,116.4213,Rojo,2,2
3345,7.955,38.38,20,5962.5,849.5,115.6,Amarillo,1,2
3346,3.96,25.96,54.23,5028,836.5,95.5,Amarillo,1,2
3347,2,10,46.23,5172,2909,88.35,Amarillo,1,2
3348,2,16.22,12.75,2282,73,86.6,Amarillo,1,2
3349,2.585,14.39,51.415,4236.5,376,80.4,Amarillo,1,2
3350,2,21.448,42,3989.5,68,105.2,Amarillo,1,2
3351,111.665,290.14,66.855,24000,11000,10,Rojo,2,0
3352,5.225,34.865,10.67,24196,24196,66.3,Amarillo,1,1
3353,3,20.435,22,750,550,66.3,Verde,3,2
3354,5.52,36.346,58.57,2247,52,70.8,Rojo,2,2
3355,7.1,35.943,51.43,9320,410,36.1,Rojo,2,0
3356,5.8,26.75,50.5,3900,153,44.5,Amarillo,1,2
3357,13.5,50,55,24000,24000,82.515,Rojo,2,1
3358,11,47,61,17500,11000,67,Rojo,2,0
3359,4.5,17.81,55.5,24196,18596,62.5,Amarillo,1,0
3360,2,29.39,12.5,3500,1215,53.85,Amarillo,1,2
3361,2,26.275,12.5,2250,840,74.25,Amarillo,1,2
3362,41.175,133.37,44.5,24000,24000,51.15,Rojo,2,1
3363,88,272,70,24000,17500,14.415,Rojo,2,0
3364,578,936,540,24000,24000,10,Rojo,2,1
3365,3.84,21.65,15,930,930,61.7,Amarillo,1,2
3366,10,42,25,11000,4600,49.65,Rojo,2,0
3367,8.985,51.625,20.6,24196,24196,43.75,Rojo,2,1
3368,8.655,30.07,12.5,24196,24196,41.6,Amarillo,1,1
3370,6.62,18.255,29.75,8686,4996,58.05,Amarillo,1,0
3371,2,10,10,3,3,96.5,Verde,3,2
3374,3.87,10,15.625,24196,24196,41.4,Amarillo,1,1
3375,5.24,10.67,10,4275.5,2768.5,51.5,Amarillo,1,2
3376,3.18,24.61,40,980,540,49.1,Verde,3,2
3377,12.6,18.72,68,2100,930,40.6,Amarillo,1,2
3378,2,15.36,52,2100,930,38.6,Amarillo,1,2
3379,4,23.65,40,5172,132,92.2,Amarillo,1,2
3380,2,16.04,11.5,1981,85,96.5,Amarillo,1,2
3381,2,11.31,10,2613,161,94.9,Amarillo,1,2
3382,2,11.31,10,2361,109,109.8,Amarillo,1,2
3383,2,10,10,1694.5,31,101.3,Amarillo,1,2
3384,2,18.235,10,1826.5,46.5,85.8,Amarillo,1,2
3385,2,10,10,135,31,98.05,Verde,3,2
3386,2,10,10,2987,1169,107.1,Amarillo,1,2
3387,2,30.24,10,24196,15732.5,88.5,Rojo,2,0
3388,2.73,23.32,10,430,210,55.1,Verde,3,2
3389,2,20.82,10,2251,173,112.6,Amarillo,1,2
3390,14.68,62.5,26.925,24196,24196,71.25,Rojo,2,1
3391,2.145,28.61,10,1509,20,112,Amarillo,1,2
3392,2.76,18.05,16,230,230,66.1,Verde,3,2
3393,12.16,44.95,18,11000,4600,43.205,Rojo,2,0
3394,2,10.92,10,1872,140,72.4,Amarillo,1,2
3395,2,15.492,12.3,5172,406,68.8,Amarillo,1,2
3396,2,16.5228,10,1553,20,80.1,Amarillo,1,2
3397,2,15.66,10,1079.5,30,77.35,Amarillo,1,2
3398,2,10,15,430,430,62.29,Verde,3,2
3399,2,14.66,32,1100,43,79.6,Amarillo,1,2
3400,2,10,16,930,930,69.155,Amarillo,1,2
3401,3.1,22.34,16,640,640,53.395,Verde,3,2
3402,2.41,13.44,62,70,70,67.93,Verde,3,2
3403,2.16,15.84,44,90,90,73.2,Verde,3,2
3404,2.495,15.665,48,21.5,21.5,69.705,Verde,3,2
3405,5.75,33.615,30,175,175,60.81,Verde,3,2
3406,4.667,34.75,10,11000,2419,49.9,Rojo,2,0
3407,2,24.55,10,1800,430,63.15,Amarillo,1,2
3408,2,22.84,13,2400,1500,59.3,Amarillo,1,2
3409,2,24.355,11,2400,1215,58.35,Amarillo,1,2
3410,3.99,15.38,14,72.5,72.5,75.7,Verde,3,2
3411,2.16,10,10,90,90,74.435,Verde,3,2
3412,2.365,10,29,1125,570,69.86,Amarillo,1,2
3413,3.795,14.88,13.5,70,70,78.4,Verde,3,2
3414,19,59,30,24000,24000,10,Rojo,2,1
3415,26,101.5,40,24000,24000,20.6,Rojo,2,1
3417,2,20.58,10,1150.5,15,56.9,Amarillo,1,2
3418,2,16.72,10,985,20,53.8,Verde,3,2
3419,2,25.08,10,1050,41,88.5,Amarillo,1,2
3420,2,17.8,10,1792.5,57.5,83.4,Amarillo,1,2
3421,3.06,17.22,12.5,4611,97,86.9,Amarillo,1,2
3422,2.7,16.24,17,4884,148,87.9,Amarillo,1,2
3423,2,15.326,16.75,5549.5,849,84.4,Amarillo,1,2
3424,2,16.56,11.5,3734,286.5,80.55,Amarillo,1,2
3425,2,15.1,10,3448,98,93.7,Amarillo,1,2
3426,2,15.73,17,3255,228,92.6,Amarillo,1,2
3427,2,22.4924,20,7270,1223,86.7,Amarillo,1,2
3428,2,19.87,21.5,6131,442.5,86.65,Amarillo,1,2
3429,2,19.44,31.25,5323.5,417,84.8,Amarillo,1,2
3430,2,20.95,33.6,5634.5,243.5,86.7,Amarillo,1,2
3431,2,17.985,31,2987,216,84.9,Amarillo,1,2
3432,2,21.82,19,3076,121,81,Amarillo,1,2
3433,3.595,23.645,10,1022,10,89.26,Amarillo,1,2
3434,2,10,10,7701,1515,74.85,Amarillo,1,2
3435,4.98,22.28,16,160,390,71.44,Verde,3,2
3436,4.8,27.61,44,280,260,76.53,Verde,3,2
3437,2.52,12.38,10,230,230,68.53,Verde,3,2
3438,2.855,21.015,36,1500,1350,55.4,Amarillo,1,2
3439,5.145,18.78,48,1015,1015,58.05,Amarillo,1,2
3440,4.8,17.535,40,390,390,56.6,Verde,3,2
3441,3.08,20.5,30,150,150,68.82,Verde,3,2
3442,3.05,19.105,20,230,230,61.03,Verde,3,2
3443,2.295,19.84,20,210,210,76.85,Verde,3,2
3444,4.66,36.685,67,445,445,69.34,Verde,3,2
3445,2.61,12.96,18,430,330,66.485,Verde,3,2
3446,2.87,16.89,24,930,930,64.5,Amarillo,1,2
3447,3.3,22.44,24,930,750,66.25,Verde,3,2
3448,2.565,15.12,12,430,430,64.21,Verde,3,2
3449,4.17,26.84,40,930,750,78.13,Verde,3,2
3450,3.7,20.17,56,2100,1500,59.26,Amarillo,1,2
3451,3.03,13.92,16,430,330,64.86,Verde,3,2
3452,3.4,14.83,14,150,150,77.9,Verde,3,2
3453,3.03,12.19,12,750,640,66.3,Verde,3,2
3454,3.84,15.18,12,210,150,76.1,Verde,3,2
3455,3.99,15.255,16,930,930,66.3,Amarillo,1,2
3456,10.85,76.615,16,24196,24196,30.1,Rojo,2,1
3457,32.5,80.5,52.5,24000,24000,10,Rojo,2,1
3458,2,10,18,2400,200,76.7,Amarillo,1,2
3459,2,10,12,2400,280,75.2,Amarillo,1,2
3460,2,10,16,1500,84,75,Amarillo,1,2
3461,2,10,21,2400,90,78.9,Amarillo,1,2
3462,2,10,13,4600,602,77.8,Rojo,2,2
3463,22.54,118,64,210,90,140.8,Rojo,2,2
3464,2,17.91,10,150,75,60.2,Verde,3,2
3465,2,13.69,10,90,90,54.3,Verde,3,2
3466,11.065,51.77,22,24196,24196,50,Rojo,2,1
3467,5.91,34.08,22,90,90,82.15,Verde,3,2
3468,7.68,31.28,32,390,390,76,Verde,3,2
3469,2,16.5948,29.5,3448,160,99.35,Amarillo,1,2
3473,10.7,76.13,49,2400,7,52.25,Rojo,2,2
3474,2,13.8,20.75,7270,95.5,95.9,Amarillo,1,2
3475,4,21.81,20,430,430,65.6,Verde,3,2
3476,2,36.055,20.5,7576,1897.5,96.25,Amarillo,1,2
3477,2,15.34,10,875.5,10,104.75,Verde,3,2
3478,2,21.245,10,1791,3,132.5,Amarillo,1,2
3479,2,10,10,1500,930,109.2,Amarillo,1,2
3480,5.125,23.135,27,430,430,73,Verde,3,2
3481,8,26.565,36,1300,1015,54,Amarillo,1,2
3482,3.48,19.2,26,200,200,74.185,Verde,3,2
3483,3.285,19.84,20,390,260,67.84,Verde,3,2
3484,4.44,20.98,20,210,210,72.5,Verde,3,2
3485,2.1,14.4,12,150,150,74.705,Verde,3,2
3486,106,237.65,66.335,24196,24196,12.35,Rojo,2,1
3487,2,30.98,14,1663.5,153,89.65,Amarillo,1,2
3488,13.02,71.14,29,24196,3359,23.4,Rojo,2,0
3489,12.35,62.6,71.25,15845.5,610,83.9,Rojo,2,0
3490,10.53,67.415,92.5,24196,7717,79.8,Rojo,2,0
3491,8.99,60.765,60.68,14844.5,909.5,84.45,Rojo,2,0
3492,16.37,81.33,38.75,24196,15650,22.5,Rojo,2,0
3493,30.415,127.44,60,24196,24196,24.2,Rojo,2,1
3494,9.115,52.14,53.145,16649.5,2011.5,81.6,Rojo,2,0
3495,10,55.4,48,13538.5,1530,96.9,Rojo,2,0
3496,12.165,66.96,70,9621,897,82.05,Rojo,2,0
3497,26,74,48,24000,24000,26,Rojo,2,1
3498,2,13.65,10,4600,687,102.5,Amarillo,1,2
3499,4.05,37.49,30,1100,43,97.83,Amarillo,1,2
3501,117.4,250.625,66,24000,14300,10,Rojo,2,0
3502,13,45,22,430,430,91.8,Rojo,2,2
3503,23.5,75.585,74,24000,11000,70.6,Rojo,2,0
3504,13.5,48,29.5,11000,11000,85.8,Rojo,2,0
3505,16,60,54,4600,2400,86.2,Rojo,2,2
3506,37,73,35,4,4,35.7,Rojo,2,2
3507,9,50,12,90,40,102.8,Rojo,2,2
3508,9,70,34,430,470,97.6,Rojo,2,2
3509,16,57,63,4600,3500,68.1,Rojo,2,2
3510,5.455,34.44,73.165,2316.5,52,59.6,Amarillo,1,2
3511,8.03,40.89,86.22,10133,4106,67.9,Rojo,2,0
3512,73.4,283.03,48,24000,24000,17.7,Rojo,2,1
3513,16,61,60,4600,4600,52.75,Rojo,2,2
3514,21.08,69.6,122,24000,9234,43.7,Rojo,2,0
3515,13,50,50,24000,11000,60.2,Rojo,2,0
3516,22.36,63.3,86.67,24196,24196,53.5,Rojo,2,1
3517,17,77,77,11000,4600,29,Rojo,2,0
3518,21,66,80,24000,11000,19.6,Rojo,2,0
3519,22,69,72,24000,11000,26.3,Rojo,2,0
3520,20,76,64,24000,11000,43.45,Rojo,2,0
3521,61.89,193.33,84,24000,24000,28.75,Rojo,2,1
3522,21,82,64,24000,24000,25.93,Rojo,2,1
3523,25.5,73,83,24000,24000,21.3,Rojo,2,1
3524,16,54.66,51,11000,4600,28.1,Rojo,2,0
3525,9,56,21.5,24000,3500,62.5,Rojo,2,0
3526,9,49,10,750,430,92.3,Rojo,2,2
3527,10,48,22,4600,2400,65.5,Rojo,2,2
3528,11,47,23.5,7800,3500,69.2,Rojo,2,2
3529,13,54,35,11000,4600,80.3,Rojo,2,0
3530,16,57,68,3500,2250,44.7,Rojo,2,2
3531,8.12,42.905,78,7081.5,2963.5,75.5,Rojo,2,2
3532,57.71,242.615,68.5,24000,24000,14.01,Rojo,2,1
3533,9.14,39.005,100,11199,2400,60.1,Amarillo,1,0
3534,6.24,43.09,47.5,3255,100,58.7,Rojo,2,2
3535,74.5,252.12,80,24000,24000,17.45,Rojo,2,1
3536,12,50,46,11000,4600,77.9,Rojo,2,0
3537,12,46,40.5,11000,4600,79.1,Rojo,2,0
3538,16.5,57,60,11000,2400,55.75,Rojo,2,0
3539,15.5,77,63,4600,4600,50.8,Rojo,2,2
3540,18.5,64,45.5,11000,4600,23.05,Rojo,2,0
3541,16.8,53,36,4600,2400,58.9,Rojo,2,2
3542,48.9,149.31,108,24000,24000,22.65,Rojo,2,1
3543,12.1,49.95,151.43,24196,6488,67.88333333,Rojo,2,0
3544,13.395,69.02,122.5,19765.5,8904,43.88,Rojo,2,0
3545,8.12,44.7,85,11199,3873,58.2,Rojo,2,0
3546,60.47,235.31,74,24000,24000,16.55,Rojo,2,1
3547,10.98,48.2,98,10462,3432,57.1,Rojo,2,0
3548,11.995,49.79,140,24196,6867,71.65,Rojo,2,0
3549,8.8,43.33,92.86,24196,5172,74.5,Rojo,2,0
3550,10.32,48.4,86.5,6344,1910.5,58.35,Rojo,2,2
3551,8.5,49.215,85,9506,2654.5,56.715,Rojo,2,0
3552,32.88,134.13,96,24000,24000,32.44,Rojo,2,1
3553,7.7,45.36,60,11000,464,91.2,Rojo,2,0
3554,8.25,40.41,106,14263,480,81.415,Rojo,2,0
3555,11.355,48.095,43.85,17329,5172,80.4,Rojo,2,0
3556,13.91,44.38,56,14136,3076,78,Rojo,2,0
3557,17,76,70,7800,4600,35.5,Rojo,2,2
3558,41.7,134.09,80,24000,24000,17.795,Rojo,2,1
3559,38.095,140.65,74,24000,24000,12.325,Rojo,2,1
3560,43.805,124.5916,112,24000,24000,21.35,Rojo,2,1
3561,32.16,128.23,96,24000,24000,28.695,Rojo,2,1
3562,30.375,139.93,86.5,24000,24000,30.7,Rojo,2,1
3563,13,43.04,15,335,230,91.4,Rojo,2,2
3564,11.5,42,35,17500,11000,94.4,Rojo,2,0
3565,27.95,112.32485,60,24000,24000,38.2,Rojo,2,1
3566,22.56,94.14,70,24000,24000,38.2,Rojo,2,1
3567,9.57,67.52,72,24196,11199,52,Rojo,2,0
3568,7.64,54.33,80,24196,8342,69.8,Rojo,2,0
3569,6.7,39.995,69.8,17329,1242,56,Amarillo,1,0
3570,10.39,55.8628,132,24196,22470,61.5,Rojo,2,1
3571,12.81,73.3,100,24196,24196,46.2,Rojo,2,1
3572,5.435,33.225,40,11199,84,55.9,Amarillo,1,0
3573,2,10,10,460,14.5,96.835,Verde,3,2
3574,2,10,10,930,18,91.85,Verde,3,2
3575,7.88,82.8,101.25,24196,24196,64.1,Rojo,2,1
3576,2,13.975,10,1450.5,75,101.9,Amarillo,1,2
3577,2,16.415,16,1800,91,99.8,Amarillo,1,2
3578,2.1,22.41,14,10112,150,90.5,Amarillo,1,0
3579,2,11.59,10,930,72,100.75,Verde,3,2
3580,3.335,28.976,10,1305,93,97.55,Amarillo,1,2
3581,6.9,36.81,20.5,24000,10133.5,78.2,Amarillo,1,0
3582,66.665,191.81,57.3335,24000,4600,18.85,Rojo,2,0
3583,3.33,23.12,10,90,70,57.1,Verde,3,2
3584,2,12.2,10,9506,1457,57.7,Rojo,2,0
3586,2,21.205,15,2400,750,90.25,Amarillo,1,2
3587,2,31.79,13.5,2400,1500,80.7,Amarillo,1,2
3588,2,12.367,29.14,3365,225.5,98.61,Amarillo,1,2
3589,2,17.03,18.5,17500,4600,76.55,Amarillo,1,0
3590,3.14,216.82,31,795,1128.5,88,Rojo,2,2
3591,8.25,56.295,12,24196,5172,28,Rojo,2,0
3592,3.67,24.54,11.75,2098,63,48.835,Amarillo,1,2
3593,2,18.86,10.5,1259,20,75.2,Amarillo,1,2
3594,2.705,28.84,11.01,774,3,86.85,Verde,3,2
3595,2,21.1896,15.29165,2072,20,92.15,Amarillo,1,2
3596,2,18.108,10,2212.5,20,100.055,Amarillo,1,2
3597,2,15.96,10,1983,20,97.5,Amarillo,1,2
3598,32.95,96.39,16,24000,24000,14,Rojo,2,1
3599,3.1,28.21,16,24000,4600,60.7,Amarillo,1,0
3600,2.705,35.46,431.395,2400,930,63,Amarillo,1,2
3601,2,10,10,1076,20.5,71.2,Amarillo,1,2
3602,2,27.325,30.75,8936,2700,97.85,Amarillo,1,0
3603,2,38.205,119.4,1500,430,61,Amarillo,1,2
3604,17.33,86.755,31,24000,4600,47,Rojo,2,0
3605,4.075,45.245,324,2400,1300,64,Rojo,2,2
3606,3.57,30.71,22,750,210,44.9,Verde,3,2
3607,2,22.706,10,1500,930,57,Amarillo,1,2
3608,2.29,36.46,96,2400,1500,63.8,Amarillo,1,2
3609,2,10,31,2501.5,542,85.63,Amarillo,1,2
3610,2,10,10,10918.5,4809.5,94.7,Amarillo,1,0
3612,2,18.97,10,2755,10,88,Amarillo,1,2
3613,2,10,10,2064,20,98.8,Amarillo,1,2
3614,3.2,30.72,12,4600,4600,44.195,Amarillo,1,2
3615,12,44.04,20,4600,2400,25.45,Rojo,2,2
3616,9.96,37.6,34,680,410,46.4,Verde,3,2
3617,2,10,10,727,86,55.215,Verde,3,2
3618,3.495,19.41,10,2273,89.5,46.7,Amarillo,1,2
3619,2.585,22.965,13,1500,590,65.45,Rojo,2,2
3620,3.259,21.2415,13,1800,590,72.2,Rojo,2,2
3621,2.385,22.155,11.5,4600,1350,68.6,Amarillo,1,2
3622,2,10,14.5,4891.5,2002,85.1,Amarillo,1,2
3623,4.86,30.09,10,11000,4600,45,Amarillo,1,0
3625,220,577.14,197.5,24000,11000,10,Rojo,2,0
3626,2.725,28.49,48,930,335,59.05,Verde,3,2
3627,53.835,205.755,167.84,24000,11000,47.9,Rojo,2,0
3628,57.335,194.37,184.875,24000,11000,49.25,Rojo,2,0
3629,48,206.625,201.08,24000,2100,54.15,Rojo,2,0
3630,51.335,149.07,145.46,24000,24000,49.3,Rojo,2,1
3631,22,76.71,50,24000,2400,50.7,Rojo,2,0
3632,48,156.36,148.925,24000,11000,53.05,Rojo,2,0
3633,54.5,174.85,163.64,24000,6700,56.5,Rojo,2,0
3634,4.435,44.44,39,11000,2250,60.2,Rojo,2,0
3635,5.3,41.5,29,4600,1500,59,Rojo,2,2
3636,3.33,33.82,27,11000,1500,56.9,Amarillo,1,0
3637,2.75,41.11,24,840,280,58.85,Rojo,2,2
3638,2.95,35.485,19.5,2400,930,63.6,Amarillo,1,2
3639,5.6035,49.6,10,370,235,56,Rojo,2,2
3640,31,198.83,260,24000,11000,29,Rojo,2,0
3641,9.33,45.97,21.5,17500,2400,48.3,Rojo,2,0
3642,9.665,40.573,36,4600,1800,57.5,Rojo,2,2
3643,10,51.93,72.5,24000,1800,49,Rojo,2,0
3644,55,208.64,232,24000,11000,43.5,Rojo,2,0
3645,47.5,177.205,213.55,24000,7800,47.1,Rojo,2,0
3646,2,24.135,10,2100,220,85.35,Amarillo,1,2
3647,2,23.93,10,430,150,81.9,Verde,3,2
3648,6.16,32.475,13.25,24196,24196,75.35,Amarillo,1,1
3649,12.52,78.375,46,11000,2400,83.77,Rojo,2,0
3650,5.84,56,112,2400,460,91.75,Rojo,2,2
3651,3.04,36.43,250,4600,1500,92.4,Amarillo,1,2
3652,2.665,28.945,263.545,2400,930,89.65,Amarillo,1,2
3653,2.225,13.41,45,280,280,65.1,Verde,3,2
3654,2,10,14,1291,171,86.88,Amarillo,1,2
3655,2,14.485,29,1421,75,88.8,Amarillo,1,2
3656,2,10,45.5,1103,68.5,91.735,Amarillo,1,2
3657,2,10,36,2400,2400,65.2,Rojo,2,2
3658,2,10,30,7069.5,2400,66.8,Rojo,2,2
3659,2,10,22,1134,96.5,82.25,Amarillo,1,2
3660,2,10,15.5,1500,110,89,Rojo,2,2
3661,2,36.115,17,930,150,89.95,Verde,3,2
3662,2.43,33.2,145,1500,430,84.7,Amarillo,1,2
3663,2.32,29.61,81.5,1500,565,81.9,Amarillo,1,2
3664,2,25.92,54,930,230,87.8,Verde,3,2
3665,2,29.81,33,2100,1200,89.1,Amarillo,1,2
3666,2,29.2,26,930,210,87.7,Verde,3,2
3667,2,27.89,150.775,1800,430,90.55,Amarillo,1,2
3668,2,24.29,94,2400,1350,86.15,Amarillo,1,2
3669,2,31.67,106,1100,750,84.2,Amarillo,1,2
3670,2,28.545,142,2400,1215,85.55,Amarillo,1,2
3671,2,30.77,98,930,210,85.3,Verde,3,2
3672,2,30.7045,14.5,110,120,58.7,Verde,3,2
3673,21.4,115.29,45,24196,24196,19.9,Rojo,2,1
3674,8.75,38.915,90.5,330,230,102.1,Verde,3,2
3675,10,28.5,114,52.5,52.5,97.5,Verde,3,2
3676,14.36,55.76,30,24000,24000,98.2,Rojo,2,1
3677,7,42.5,23.5,840,590,98.4,Rojo,2,2
3678,11,49.31,33,24000,24000,97.8,Rojo,2,1
3679,9,33,20,4600,4600,99.6,Amarillo,1,2
3680,6.5,32.02,48.165,430,230,101.65,Verde,3,2
3681,13.94,65.145,26,2400,1665,97.7,Rojo,2,2
3682,2.7,42.355,15.835,1065,840,100.3,Rojo,2,2
3683,8.5,74,38.5,2400,1950,101.3,Rojo,2,2
3684,3.045,23.77,14.5,2400,930,97.5,Amarillo,1,2
3685,3.45,23.025,13,4600,1950,93.7,Amarillo,1,2
3686,4.2,48.75,26,2400,2400,102.2,Rojo,2,2
3687,2,14.48,28,3873,262,97.3,Amarillo,1,2
3688,2,17.096,19,6488,624,103.45,Amarillo,1,2
3689,2,18.841,31,3082,265.5,98.9,Amarillo,1,2
3690,2,16.364,22.165,1850,63,103.3,Amarillo,1,2
3691,2,26.18,35.5,17329,5803,99.15,Amarillo,1,0
3692,2,15.255,10,217.5,85.5,112.55,Verde,3,2
3693,2,16,10,2755,145,98.2,Amarillo,1,2
3694,3.21,22.99,14,150,140,76.53,Verde,3,2
3695,3.355,22.08,16,200,110,80.3,Verde,3,2
3696,2,10,10,90,80,104.7,Verde,3,2
3697,2,10,10,2400,930,104.8,Amarillo,1,2
3698,2,10,10,430,270,101,Verde,3,2
3699,2,10,10,230,220,102.25,Verde,3,2
3700,2,10,10,1300,930,102.9,Amarillo,1,2
3701,6.5,33,11,8565.5,2400,42.4,Amarillo,1,2
3702,17,63.383,27.5,24000,4600,53,Rojo,2,0
3703,5.67,34.81,12.5,24000,2444.5,57.1,Amarillo,1,0
3704,2,32.405,10,430,175,72,Verde,3,2
3705,2,14.01,26,3076,79,96.8,Amarillo,1,2
3706,2,10.82,35.5,2909,75,97.5,Amarillo,1,2
3707,2,14.515,10,1866,41,98.1,Amarillo,1,2
3708,2,11.65,10,1164,30.5,115.6,Amarillo,1,2
3709,2,12.4416,10,1331,10,103.4,Amarillo,1,2
3710,2.43,51.07,25,90,40,63.4,Rojo,2,2
3711,2,10,10,1162,30,86.4,Amarillo,1,2
3712,10,173.1,3515.39,24000,11000,62.9,Rojo,2,0
3713,2,10,30.86,2821,315,87.5,Amarillo,1,2
3714,9,39.5,33,2400,2400,86.3,Amarillo,1,2
3715,107,285,105,24000,24000,10,Rojo,2,1
3716,31.715,229.856,61.75,24196,24196,26.1,Rojo,2,1
3717,2,26.045,57.5,1800,345,89.6,Amarillo,1,2
3718,2,25.25,43.5,2100,430,86.25,Amarillo,1,2
3719,2,25.96,61,1215,230,59,Amarillo,1,2
3720,78.915,294.29,146.46,24000,24000,13.1,Rojo,2,1
3721,2,10,10,1500,206.5,86.45,Amarillo,1,2
3722,2,10,10,90,90,102,Verde,3,2
3723,2,10,10,230,43,99.95,Verde,3,2
3724,2.01,21,10,90,90,72.1,Verde,3,2
3725,12.96,38.69,22,4600,4600,46.4,Amarillo,1,2
3726,2,10,10,90,90,100.8,Verde,3,2
3727,2,10,10,190,190,99.4,Verde,3,2
3728,2,10,10,150,90,99.9,Verde,3,2
3729,2,10,15.33,90,40,100.3,Verde,3,2
3730,2,10,24,90,40,100.45,Verde,3,2
3731,2,10,10,2100,127,84.3,Amarillo,1,2
3732,2,11,70,230,91.5,101.2,Verde,3,2
3733,2,13.23,55.67,210,90,102,Verde,3,2
3734,8.53,53.02,72.8125,24196,24196,63.85,Rojo,2,1
3735,2,10,43,335,230,100.7,Verde,3,2
3736,2,17.52,26.3,24196,20762.5,91.95,Amarillo,1,0
3737,5.54,32.9616,98,24196,24196,51.15,Rojo,2,1
3738,2,16.26,24.67,11199,166,98.1,Amarillo,1,0
3739,2,10,60.335,1500,31,78.8,Rojo,2,2
3740,2,24.65,90,930,210,60.3,Verde,3,2
3741,9,30.8,69,24000,11000,98.55,Amarillo,1,0
3742,2.68,14.1,40.5,335,230,99.9,Verde,3,2
3743,5.92,21,68,24000,11000,99.2,Amarillo,1,0
3744,8.4,24.61,70.5,24000,24000,98.3,Amarillo,1,1
3745,3.54,14.885,111,430,430,101.2,Verde,3,2
3746,7.43,25.055,97,4600,2400,99.1,Amarillo,1,2
3747,2,13,65.75,445,330,103.8,Verde,3,2
3748,2,12.545,29,430,430,99.9,Verde,3,2
3749,8.5,25,25.5,2400,2400,89.2,Amarillo,1,2
3750,4.3,18,64.35,930,930,101.7,Amarillo,1,2
3751,5.36,24.83,49,930,930,100,Amarillo,1,2
3752,2.4,16.97,58.5,930,430,100,Verde,3,2
3753,4.06,22,73,2100,930,102.4,Amarillo,1,2
3754,4.55,17.6,51,2400,930,100.9,Amarillo,1,2
3755,2,10,10,930,150,109.1,Verde,3,2
3756,2,10.24,16,2195,128,83.3,Amarillo,1,2
3757,2,14.89,20,2909,144,87.3,Amarillo,1,2
3758,2,13.57,30,2778.5,219.5,85.6,Amarillo,1,2
3759,2,15.6,42,2400,214.5,86.7,Amarillo,1,2
3760,2.1,11.47,60,210,15,86.1,Verde,3,2
3761,2,12.145,34,2400,187,86.5,Amarillo,1,2
3762,2,11.83,42,2400,150,85.8,Amarillo,1,2
3763,2.25,14.475,24,1500,15,77.55,Amarillo,1,2
3764,2,36.98,10,930,210,64.7,Verde,3,2
3765,5.875,57.97,52.315,24196,24196,70.23,Rojo,2,1
3766,8.83,60.98,38,24196,24196,81.95,Rojo,2,1
3767,9.2,62.6,18,24196,9450,110.4,Rojo,2,0
3768,2,10,10,505,35.5,87.75,Verde,3,2
3769,4.64,33.18,17.5,24000,2100,58.6,Rojo,2,0
3770,2,23.635,10,1661,10,105.45,Amarillo,1,2
3772,2,12.035,12.835,93,90,105.5,Verde,3,2
3773,3.59,25.42,68.5,2164.5,118.5,76.1,Amarillo,1,2
3774,122.5,405.5,109,24000,24000,10,Rojo,2,1
3775,22,69,33.5,1750,750,49.1,Rojo,2,2
3777,19.72,73.85,33.25,11000,4250,41.15,Rojo,2,0
3778,5.04,31.68,24,2400,2400,71.22,Amarillo,1,2
3779,2.74,146.03,35.29,2809,389,88.65,Rojo,2,2
3780,2,10,12.75,1611.5,41,90.3762,Amarillo,1,2
3781,2,10,13.2,2613,199,87.75,Amarillo,1,2
3782,2,15.41,10,2053.5,63,106.75,Amarillo,1,2
3783,2,15.96,10,1545,30,103.75,Amarillo,1,2
3784,43.45,190.015,35,241960,241960,25.7,Rojo,2,1
3785,10.65,61.97,32.75,13363,2400,54.2,Rojo,2,0
3786,2,15.12,10,4766,177.5,97.9,Amarillo,1,2
3787,2,16.64,63,7380,30,95.8,Amarillo,1,2
3788,3.06,13.66,13,327,41,95.1,Verde,3,2
3791,6.99,111.71,36,987,52,73.51,Rojo,2,2
3792,2,23.88,41,2424,72,59.8,Amarillo,1,2
3793,2,20.155,41.43,3076,85,71.55,Amarillo,1,2
3794,2,21.196,37,3268.5,160.5,96.8,Amarillo,1,2
3795,2,25.17,13.5,2613,209,86.1,Amarillo,1,2
3796,2,25.404,23,4310,269,88.7,Amarillo,1,2
3797,2.83,25.08,33,3044,134,94.8,Amarillo,1,2
3798,2,30.264,31,4884,262,92.7,Amarillo,1,2
3799,2,23,113,5172,275,95.03,Amarillo,1,2
3800,2,12.96,10,140.5,10,77.4,Verde,3,2
3801,2,12.98,11.5,216,20,87.4,Verde,3,2
3802,2,11.88,10,291,63,82.4,Verde,3,2
3803,65.77,199.42,49.285,24196,24196,12,Rojo,2,1
3804,28.87,201.33,48.75,24196,24196,25.4,Rojo,2,1
3805,40.98,293.05,80,24196,24196,12,Rojo,2,1
3806,17.28,69.07,22,24196,1250,72.3,Rojo,2,0
3807,2,10,10,2100,121,92.1,Amarillo,1,2
3808,18,78.376,22.5,24196,24196,69.3,Rojo,2,1
3809,5.87,23.37,64,5475,520,62.1,Amarillo,1,2
3810,11.06,63.44,94,24196,1793,67.5,Rojo,2,0
3811,15,66.63,23,24196,24196,42.95,Rojo,2,1
3812,2,19.15,10,6867,426,96.15,Amarillo,1,2
3813,2,10,10,1100,51,73.7,Amarillo,1,2
3814,2.52,13.33,19,260,235,70.75,Verde,3,2
3815,2.7,11.805,20,200,175,64.43,Verde,3,2
3816,2.22,12.9,18,430,280,70.305,Verde,3,2
3817,2,14.45,20,445,430,75.27,Verde,3,2
3818,3.3,19.87,24,930,930,69.1,Amarillo,1,2
3819,4.26,23.32,30,2400,2400,62.05,Rojo,2,2
3820,2.25,20.5,19,140,140,75.5,Verde,3,2
3821,2.535,15.965,20,40,40,64.52,Verde,3,2
3822,2.985,14.83,20,55,55,69.455,Verde,3,2
3823,3.06,13.785,32,55,55,71.25,Verde,3,2
3824,2.75,16.8,10,1100,460,101.9,Amarillo,1,2
3825,2,23.995,163.54,2250,930,88.85,Amarillo,1,2
3826,2,10,10,230,230,103.4,Verde,3,2
3827,2,30.915,152.5,4600,1950,89.35,Amarillo,1,2
3828,2,33.035,131,2400,1350,89.15,Amarillo,1,2
3829,2,10,10,230,230,103,Verde,3,2
3830,3,23.52,10,4236.5,173.5,41.55,Amarillo,1,2
3831,2.45,29.895,10,1500,36,75.65,Amarillo,1,2
3832,300,881.715,232.5,241960,680930,10,Rojo,2,1
3833,2,10,10,1598.5,85.5,100.85,Amarillo,1,2
3834,2,13.4324,10,1565,201,105.4,Amarillo,1,2
3835,4.595,34.905,26.85,9506,2768.5,101.6,Amarillo,1,0
3836,18.1,76.15,81.1,24196,24196,65,Rojo,2,1
3837,7.6,53.3,63,24196,24196,28.8,Rojo,2,1
3838,17.2,82.215,86,24196,24196,83.45,Rojo,2,1
3839,5.85,46.745,59.5,24196,24196,76.5,Rojo,2,1
3840,8.77,63.5,60,24196,24196,26.65,Rojo,2,1
3841,14.15,69.035,74.75,24196,24196,67.1,Rojo,2,1
3842,4.72,43.45,82,24196,323,52,Rojo,2,0
3843,39.89,138.845,56,24196,24196,71,Rojo,2,1
3844,22.285,86.15,65.5,24196,24196,80.65,Rojo,2,1
3845,8.3,50.03,14,24196,24196,39.1,Rojo,2,1
3846,10.53,53.5,27.75,24196,24196,87.5,Rojo,2,1
3847,6.4,50.38,61.32,24196,24196,35.55,Rojo,2,1
3848,2,19.29,22.2,2352.5,46,101.6,Amarillo,1,2
3849,2,16.7,14.25,2072,31,101.35,Amarillo,1,2
3850,2,15.24,19.5,2915.5,213.5,88.05,Amarillo,1,2
3851,2,19.65,33.925,3551,200,98.6,Amarillo,1,2
3852,2,22.715,17.14,2094.5,179,82.8,Amarillo,1,2
3853,2,10.995,14.75,2634,147,101.55,Amarillo,1,2
3854,2,10,10,3076,199,97.25,Amarillo,1,2
3855,2,16.33,64,6867,158,99.4,Amarillo,1,2
3856,2,10,26,2489,86,74.2,Amarillo,1,2
3857,2,10,41,1460.5,120,76.1,Amarillo,1,2
3858,3.325,19.36,24,1500,1150,78.11,Amarillo,1,2
3859,2.52,19.44,23.5,460,460,72.5,Verde,3,2
3860,3.45,17.28,23,460,460,79.7,Verde,3,2
3861,3.63,22.135,38,2100,1500,66.8,Amarillo,1,2
3862,2.67,16.59,25,1015,605,69.3,Amarillo,1,2
3863,2.945,17.91,30,840,460,68.08,Verde,3,2
3864,2.73,20.33,28,1200,1100,74.15,Amarillo,1,2
3865,2.165,20.47,36,1350,930,65.41,Amarillo,1,2
3866,3.155,18.435,11,2761,598,91.1,Amarillo,1,2
3867,2,21.84,33.6667,12299,2613,94.6,Amarillo,1,0
3868,2,18.225,34,2684,109,93.485,Amarillo,1,2
3869,2,13.7,26,2447.5,103.5,97.2,Amarillo,1,2
3870,2,19.49,36.9,17230,4884,94.9,Amarillo,1,0
3871,6.4,40.7,52.6,24196,24196,67.5,Rojo,2,1
3872,5.33,32.77,46.5,24196,24196,90.085,Amarillo,1,1
3873,2,16.84,26.375,6499,1295,100.8,Amarillo,1,2
3874,2.975,18.095,38.71835,9804,1354,96.55,Amarillo,1,0
3875,2,24.47,68,1712.5,19.5,85.6,Rojo,2,2
3876,2,10,13,445,32,86.15,Verde,3,2
3877,2,10,12,521,30,83.9,Verde,3,2
3879,2,21.52,17.5,4611,813,81.2,Amarillo,1,2
3880,2,10,10,2440.5,521.5,88.6,Amarillo,1,2
3881,4.56,26.675,11,24000,4600,54,Amarillo,1,0
3882,2,128.595,34,210,2280.5,81.7,Rojo,2,2
3883,3.45,40.83,50,596.5,6,94.21,Rojo,2,2
3884,36.99,153.2805,56.75,24000,24000,48.65,Rojo,2,1
3885,51.51,191,62,24000,24000,64.35,Rojo,2,1
3886,2,10,17.5,2547,206.5,85.35,Amarillo,1,2
3887,2,17.565,10,56.5,4,98.7,Verde,3,2
3888,2.2,19.095,10,34,5.5,96.3,Verde,3,2
3889,2.1,18.75,10,5172,31,65.95,Amarillo,1,2
3890,2,21.94,10.5,240,11,101.3,Rojo,2,2
3891,2,15.64,10,174.5,20,100.4,Verde,3,2
3892,2,16.19,10,613.5,15,103.25,Verde,3,2
3893,206.94,577.77,113.33,198630,77010,10,Rojo,2,1
3894,62.81,213.925,71.925,166380,150880,10,Rojo,2,1
3895,2,10,14,2400,132.5,89.605,Amarillo,1,2
3896,2,14.4,10,1398.5,41,102.4,Amarillo,1,2
3897,2,13.82,10,1723,52,104.3,Amarillo,1,2
3898,11.6,43.52,41,24000,24000,60.1,Rojo,2,1
3899,8.94,25.7,24,11000,11000,62.4,Amarillo,1,0
3900,2,16.76,10.25,8537,1149.5,102.6,Amarillo,1,2
3901,3.5,16.49,32,17329,2603,101,Amarillo,1,0
3902,52,215.5,42,24000,4600,10,Rojo,2,0
3903,5.16,28.025,22,2400,2400,53,Amarillo,1,2
3904,4.26,19.82,30,2100,1500,56.8,Amarillo,1,2
3905,2.51,15.021,29,75,4600,58.33,Rojo,2,2
3907,2,29.9,47,130.5,230,41.9,Verde,3,2
3909,42.945,170.32,78.2035,24000,24000,89.5,Rojo,2,1
3910,42.485,166.505,175,24000,24000,73.3,Rojo,2,1
3911,16.54,83,17,24000,24000,51.2,Rojo,2,1
3912,50.9,185.37,76.66,24000,24000,76.7,Rojo,2,1
3913,34.495,142.71,71.25,24000,24000,119.95,Rojo,2,1
3914,41.9,173.63,100,24000,11000,111.65,Rojo,2,0
3915,8.5,44.51,16,24000,4600,45.7,Rojo,2,0
3917,11,49,33,2400,930,85.9,Rojo,2,2
3918,36,86.75,43,24000,4600,31,Rojo,2,0
3919,10,50,10,460,390,101.3,Rojo,2,2
3920,2,10,10,2554,91.5,99.25,Amarillo,1,2
3921,2,11.65,10,2481,41,103.86,Amarillo,1,2
3922,2,14.48,10,2909,152,82.3,Amarillo,1,2
3923,2,12.9,10,1892.5,201.5,100.85,Amarillo,1,2
3924,2,10.45,10,2909,132.5,91.8,Amarillo,1,2
3925,2,10,10,1548,56,92.6,Amarillo,1,2
3926,2,10,10,5028,273.5,91,Amarillo,1,2
3927,2,35.04,20,2400,210,59.1,Amarillo,1,2
3928,2,44.54,20,2400,259,68.5,Rojo,2,2
3929,2,47.54,18,2100,210,69.6,Rojo,2,2
3930,2,15.13,22.75,2400,150,96.2,Amarillo,1,2
3931,2,19.2,18.5,12515,1691.5,107.7,Amarillo,1,0
3932,2.24,12.72,11.667,8664,148,108.5,Amarillo,1,2
3933,5.44,36.03,34,24196,14136,92.1,Amarillo,1,0
3934,2,11.37,10.5,1198,231,97.2,Amarillo,1,2
3935,225.395,894,286.335,241960,241960,10,Rojo,2,1
3936,54.95,236.745,84,24196,7270,10,Rojo,2,0
3937,51.3,236.31,80.83335,24196,24196,10,Rojo,2,1
3938,82.655,226.27,93,125150,24196,10,Rojo,2,1
3939,60.03,146.265,92.5,24196,12711.5,12,Rojo,2,0
3940,42.395,193.57,114.25,24196,11672,16.85,Rojo,2,0
3941,15,109,45,2400,2400,68.15,Rojo,2,2
3942,16,69,55,1500,430,53.75,Rojo,2,2
3943,21.5,106.5,90.5,2400,2400,57.2,Rojo,2,2
3944,20.5,64,80.5,430,220,83.6,Rojo,2,2
3945,19,100.5,69,430,230,70.5,Rojo,2,2
3946,24.31,112.42,52.1,24196,24196,20.85,Rojo,2,1
3947,24,104,167,2400,2100,58.2,Rojo,2,2
3948,50,177,200,3,3,66.165,Rojo,2,2
3949,19,80,107,4600,4600,49.9,Rojo,2,2
3950,19.5,80.5,104,4600,2400,77.7,Rojo,2,2
3951,20,77,96,2400,930,72.85,Rojo,2,2
3952,16.16,119.165,54.29,24196,24196,23.6,Rojo,2,1
3953,8.56,67.47,64.165,9067,1096.5,48.8,Rojo,2,2
3954,33.91,144.16,78.75,24196,24196,54.3,Rojo,2,1
3955,138.375,382.89,129.165,24196,14780,10,Rojo,2,0
3956,95.33,288.72,149.165,24196,24196,10,Rojo,2,1
3957,54.99,234.46,123.35,24196,13551,12,Rojo,2,0
3958,2,24.965,65,24196,6867,95.9,Amarillo,1,0
3959,4.06,28,84,11199,2400,90.1,Amarillo,1,0
3960,2,22.3,64,7701,384,101.2,Amarillo,1,2
3961,2,36.125,21,930,183,83.1,Rojo,2,2
3962,4.67,30.545,53.375,24196,24196,88.7,Amarillo,1,1
3963,5.07,27.9,78,24196,9399,99.2,Amarillo,1,0
3964,4.375,27.165,63,24196,12590,99.7,Amarillo,1,0
3965,4.26,32.94,58.58,24000,6718.5,85,Amarillo,1,0
3966,3.5,15.88,74.5,15531,2400,100.8,Amarillo,1,0
3967,5.18,38.445,70.4,24196,24196,78.8,Amarillo,1,1
3968,4.515,31.14,58,24196,24196,83.5,Amarillo,1,1
3969,2,10,42.86,2481,215,90.3,Amarillo,1,2
3970,2,10,52.555,4261,690,90.9,Amarillo,1,2
3971,2,10,68.89,2755,228,90.4,Amarillo,1,2
3972,2,12.78,64.62,3255,278,90,Amarillo,1,2
3973,2,16.131,52,2909,529,88.5,Amarillo,1,2
3974,2,10,55.5,2310,238,91.51,Amarillo,1,2
3975,2,12.9,44.31,2557,193,89.3,Amarillo,1,2
3976,2,15.26,53.13,2247,364,89.8,Amarillo,1,2
3977,2.84,15.49,28,210,210,72.81,Verde,3,2
3978,7.8,57.055,16,280,150,57.7,Rojo,2,2
3979,2,10,11,1713,25.5,102.8,Amarillo,1,2
3980,2,10,10,2001,134,101.7,Amarillo,1,2
3981,4.635,29.05,18.25,24196,6499,67.8,Amarillo,1,0
3982,3.25,36.75,90,2250,580,68,Amarillo,1,2
3983,5.7,42.685,43,84,53.5,66.35,Rojo,2,2
3984,2,27.32,98,2765,590,59,Amarillo,1,2
3985,2.5,28.89,184.44,2100,750,65,Amarillo,1,2
3986,2.4,31.66,55,430,210,66,Verde,3,2
3987,4.73,33.49,55.2,11199,189,99.4,Amarillo,1,0
3988,4.055,39.36,52,14136,638,102.35,Amarillo,1,0
3989,2,28.485,28,255,210,58.15,Verde,3,2
3990,61,196.32,44,24000,11000,10,Rojo,2,0
3991,135.835,346.32,96.3335,24000,1350,19,Rojo,2,0
3992,140,523.1,182.5,24000,24000,10,Rojo,2,1
3993,5.105,42.902,171.665,14403.5,1738,58.9,Rojo,2,0
3994,2.08,18.04,23,2909,20,95.9,Amarillo,1,2
3995,2.1952,25.835,29.68,6131,183,83.2,Amarillo,1,2
3997,2,18.13,52.25,2868,52,95.75,Amarillo,1,2
3998,2,19.88,10,1119.5,15,89.65,Amarillo,1,2
3999,2,14.98,29.5,2042,41,99.2,Amarillo,1,2
4000,2,20.9508,11.5,1354.5,10,90.85,Amarillo,1,2
4001,3.87,24.68,16,24000,24000,71.5,Amarillo,1,1
4002,4.6,33.04,57.25,24000,1575,86.55,Amarillo,1,0
4003,2.96,15.05,40,24000,430,97.05,Amarillo,1,0
4004,2.6,19.24,54,24000,2400,98.1,Amarillo,1,0
4005,12.585,67.19,13,24000,4600,51.1,Rojo,2,0
4006,20,98.97,54,24000,24000,35.3,Rojo,2,1
4007,13.4,87.94,45,24000,4600,27.8,Rojo,2,0
4008,19.5,107.36,80,24000,11000,27,Rojo,2,0
4009,21.3,64.57,34,24000,24000,32.3,Rojo,2,1
4010,33.165,141.36,59.875,24000,4600,20.15,Rojo,2,0
4011,36.67,116.14,40,24000,24000,29.7,Rojo,2,1
4012,2,19.275,10,2382,98,49.09,Amarillo,1,2
4013,2.14,19.78,10,2187,46,50.675,Amarillo,1,2
4014,2,16.88,10,1860,109,48.4,Amarillo,1,2
4015,3.24,21.12,20.5,230.5,230,75.3,Verde,3,2
4016,2,22.355,12,930,20,104.25,Verde,3,2
4017,2.12,19.175,14,931,71,97.5,Verde,3,2
4018,12,45,32,24000,24000,85,Rojo,2,1
4019,7.5,37,29,2400,1500,98.8,Amarillo,1,2
4020,3.4,24.06,43,6700.5,1340,84.1,Amarillo,1,2
4021,8.08,47.44,78.75,12997,4106,45.25,Rojo,2,0
4022,7.305,56.27,35.71,24196,15885.5,32.6,Rojo,2,0
4023,37.5,161.785,46,24000,24000,19.58,Rojo,2,1
4024,219,449,62,24000,24000,10,Rojo,2,1
4025,33.5,135,50.5,11000,4600,13.9,Rojo,2,0
4026,27,129,53,24000,24000,67.4,Rojo,2,1
4027,12,59,11,200,145,94.45,Rojo,2,2
4028,2,13.9968,10,855,31,102.3,Verde,3,2
4029,2,10,10,84,10,94.8,Verde,3,2
4030,2.565,15.06,10,70,70,69.27,Verde,3,2
4032,12,54,49,270,95,55,Rojo,2,2
4033,37.5,122.5,37.5,24000,24000,10,Rojo,2,1
4034,197.5,414.5,54,24000,24000,10,Rojo,2,1
4035,19,101,33,24000,17500,10.3,Rojo,2,0
4036,11.5,52,17,30,23,92.9,Rojo,2,2
4037,14,62,21,41.5,31.5,68,Rojo,2,2
4039,16.5,66.5,105,24000,11000,54.05,Rojo,2,0
4040,5.07,10,12.25,12992.5,12226,37.21665,Amarillo,1,0
4041,775,1611.18,600,2419600,2419600,10,Rojo,2,1
4042,9.93,3607.2,220,24196,24196,12,Rojo,2,1
4043,298.485,919.08,263.33,241960,241960,10,Rojo,2,1
4044,160.42,487.3,135,36900,24196,10,Rojo,2,1
4045,33.39,117.145,81.25,24196,24196,29.95,Rojo,2,1
4046,67.47,240.535,123.33,43520,24196,11.45,Rojo,2,1
4047,62.41,237.935,147,25163,22098,10,Rojo,2,1
4049,200,640.565,175,24000,4600,10,Rojo,2,0
4050,260,692.07,121.88,24000,4600,10,Rojo,2,0
4052,2,10.565,10,2247,52,102.3,Amarillo,1,2
4053,2,17.994,10,1663.5,62.5,96.7,Amarillo,1,2
4055,2.02,29.12,29,1286.5,91,109.4,Amarillo,1,2
4057,143,421,130,24000,24000,14.3,Rojo,2,1
4058,4.1,111.66,20.75,6131,2558.5,97.3,Rojo,2,2
4059,7.64,45,31,43,23,92.05,Rojo,2,2
4060,2,38.96,12.5,130,55,63.3,Verde,3,2
4061,3.12,11.81,10,90,90,64.21,Verde,3,2
4062,2,28.005,10,3,3,63,Rojo,2,2
4063,7.63,39.6,18,24000,24000,65,Amarillo,1,1
4065,2,10,10,323.5,36,101.15,Verde,3,2
4066,190.835,666.85,191.12,24000,17500,10,Rojo,2,0
4067,250,682.525,189.805,24000,24000,10,Rojo,2,1
4068,6.495,31.005,15.5,24000,4600,50.2,Amarillo,1,0
4071,2.7,12.74,52,210,200,65.8,Verde,3,2
4074,4.185,33.485,14.5,8475,154,25.7,Amarillo,1,2
4075,3.2,45.11,10,7386,248,50.3,Rojo,2,2
4076,2,28.05,102,2516,517,99.1,Amarillo,1,2
4077,62,140.5,30,24000,24000,10,Rojo,2,1
4078,22,64,80,24000,24000,16,Rojo,2,1
4079,2,24.145,40,2400,930,67.2,Amarillo,1,2
4082,2,10,40,2130,164,84.5,Amarillo,1,2
4083,2.05,16.85,10,2606.5,57.5,91.65,Amarillo,1,2
4084,2,10,10,4352,420,104.7,Rojo,2,2
4085,2,10,13,230,150,100.7,Verde,3,2
4086,3.33,29.155,12,175,175,52.2,Verde,3,2
4087,2,10,10,31,3,97.2,Verde,3,2
4089,25.81,63.17,40,24000,24000,35.15,Rojo,2,1
4095,202.5,521.5,110,24000,24000,10,Rojo,2,1
4096,5.43,23.47,16,4229,238,120.1,Amarillo,1,2
4097,2.74,17.072,79.5,3448,187,94.5,Amarillo,1,2
4098,2,10,10,2400,287.5,87.1,Amarillo,1,2
4099,2,10,37,2400,563,91.6,Amarillo,1,2
4100,2,15.14,13.5,1631,220,71.55,Amarillo,1,2
4102,4.21,34.455,24.5,24196,7701,107.8,Amarillo,1,0
4103,2,13.57,10,756,52,96.7,Verde,3,2
4104,2,12.365,10,352.5,30,95.3,Verde,3,2
4105,24,94.41,36,24000,24000,26.5,Rojo,2,1
4107,13,49.5,48,930,930,85.1,Rojo,2,2
4108,2,28.9,49,3500,2100,63.4,Amarillo,1,2
4109,6,72.775,52,7800,2100,29.9,Rojo,2,2
4110,2,19.815,10,230,120,66.2,Verde,3,2
4111,2,13.7,10,1178,70,97.9,Amarillo,1,2
4112,6.06,47.92,12,40,40,68.8,Rojo,2,2
4113,2,15.05,10,2400,142,45.3,Amarillo,1,2
4114,2.4,19.28,10.67,2400,145,35.44,Amarillo,1,2
4115,2,14.7,11,5197,1037.5,58.4,Amarillo,1,2
4116,2,10.22,10,785,31,94.3,Verde,3,2
4117,2,23.2,10,1500,750,69.7,Amarillo,1,2
4118,166.84,368.79,93,24000,24000,15.8,Rojo,2,1
4119,2,16.241,10,1106,41,101.45,Amarillo,1,2
4120,2,14.6622,10,1152,57.5,101.35,Amarillo,1,2
4122,94.905,517.79,657.5,90330,27598,15.9,Rojo,2,1
4123,2,23,54.025,24196,17346.5,88.4,Amarillo,1,0
4124,6,34.785,16,24000,2400,58.9,Amarillo,1,0
4125,2,24.3715,10,2400,430,57.65,Amarillo,1,2
4126,11,40.24,13,11000,2100,48.2,Rojo,2,0
4137,2,17.94,28,2030,20,110.1,Amarillo,1,2
4153,3.24,27.55,10,40,10,97.55,Verde,3,2
4154,2,11.185,12.5,930,930,93.5,Amarillo,1,2
4156,3.28,27,10,230,40,72.2,Verde,3,2
4157,2,20,10,230,90,88.7,Verde,3,2
4158,2.29,14.07,27.3,90,3,102.7,Verde,3,2
4169,14.76,59.56,52,3,75,59.35,Rojo,2,2
4170,13.82,37.27,42,3,70,62.4,Amarillo,1,2
4196,4.41,25.935,15,11199,25.5,109.45,Amarillo,1,0
4197,4.055,14.83,12.5,9804,68.5,75.3,Amarillo,1,0
4198,2,21.5,14.5,14136,383,69.6,Amarillo,1,0
4209,2,13.186,10,3,3,101.2,Rojo,2,2
4210,2.1,16,10,230,150,62.3,Verde,3,2
4211,8.69,84.215,21,1215,430,31.45,Rojo,2,2
4212,10.02,144,43.835,2400,930,78.6,Rojo,2,2
4213,9.47,142.3535,46,930,430,90,Rojo,2,2
4214,37.35,88.535,37,2400,2400,25.905,Rojo,2,2
4215,66.25,219.42,86.335,24196,24196,10,Rojo,2,1
4216,5.2,43.45,21.3333,5794,598,97.35,Rojo,2,2
4217,2,10,10,11000,2193,83.53,Amarillo,1,0
4218,2,10,16.5,7515.5,1953,94.1,Amarillo,1,2
4219,2,10,30,4353,676,86.55,Amarillo,1,2
4220,2,10,39.5,1644.5,110.5,88.5,Rojo,2,2
4221,2,10,13,1500,163,96.3,Amarillo,1,2
4224,2,10,20,2100,308,89.1,Amarillo,1,2
4225,2,14.48,17.5,17329,5172,96.2,Amarillo,1,0
4226,2,12.93,23,24000,11199,90.6,Amarillo,1,0
4227,2,13.57,18.5,24196,24196,98.4,Amarillo,1,1
4228,4.65,36.147888,49,5475,194,102.25,Amarillo,1,2
4229,2,10,10,2400,288,90,Amarillo,1,2
4230,8,26.865,30,4600,4600,70.4,Amarillo,1,2
4233,2,17.56,12.5,4600,245,90.5,Amarillo,1,2
4234,2,22.57,14,3448,275,103,Amarillo,1,2
4235,5.7415,46.1,10,17500,1500,10,Rojo,2,0
4239,2,10,13.5,150,93,105.2,Verde,3,2
4242,29.5,96.44,40,24000,24000,10,Rojo,2,1
4243,2,10,35,2400,2066.5,79.35,Rojo,2,2
4244,2,27,10,210,40,54.35,Verde,3,2
4247,2.9,33.93,27,11000,2400,42,Amarillo,1,0
4248,2,11.445,10,2609.5,110,89.8,Amarillo,1,2
4249,2,27.65,56,2100,930,60,Amarillo,1,2
4250,4.7,36.36,14.5,11199,1450,94.9,Rojo,2,0
4251,2,10.18,13.33,3310,100,38.7,Amarillo,1,2
4253,2,10.92,20.5,4721,2310,88.8,Amarillo,1,2
4260,2,24.685,16,2400,930,58.3,Amarillo,1,2
4261,46.67,108.56,159.26,24000,24000,44.6,Rojo,2,1
4262,2,34.71,15,430,150,67.85,Verde,3,2
4263,2,31.92,26,445,210,69.6,Verde,3,2
4264,2.7,12.36,18,3076,459,92.5,Amarillo,1,2
4265,5.135,37.32,13.75,24196,24196,71.3,Amarillo,1,1
4266,170,413.25,88.89,24000,11000,10,Rojo,2,0
4267,24.42,90.025,28,24000,24000,31.8,Rojo,2,1
4268,120.01,382.995,105,24000,24000,18.195,Rojo,2,1
4269,119.52,413.425,93,24000,24000,20.9,Rojo,2,1
4270,124.98,427.8,77,24000,24000,15.1,Rojo,2,1
4274,2,10,24.335,430,150,101.05,Verde,3,2
4275,2,10,10,1644.5,70,79.585,Amarillo,1,2
4276,2,10,10,240,240,98.75,Verde,3,2
4277,2,18.055,28.5,1438,20,93,Amarillo,1,2
4278,4.445,22.686,34.6875,9506,1529,100.9,Amarillo,1,0
4279,11.83,41.395,10,24000,24000,99.8,Rojo,2,1
4280,6,22.13,10,680,235,98.7,Verde,3,2
4281,2,12.71,10,1950,930,100.35,Amarillo,1,2
4287,121.65,374.435,126.845,24000,11000,10,Rojo,2,0
4288,2,29.04,15,1500,210,79.6,Amarillo,1,2
4289,47.7,128.96,19,3,3,86.8,Rojo,2,2
4290,4.915,42.93,16.5,5733.5,1692.5,55.45,Rojo,2,2
4291,37,115,60,24000,24000,15.81,Rojo,2,1
4292,2.04,56.57,13,24000,11000,35,Rojo,2,0
4293,113.33,253.37,68,24000,2400,28.1,Rojo,2,0
4294,285,670.295,147.62,24000,4600,12.3,Rojo,2,0
4298,2.825,26.83,17.0833,4639,228,88.45,Amarillo,1,2
4299,2,14.14,10,8664,1211,92.98,Amarillo,1,2
4300,2,13.31,10,24196,9804,94.3,Amarillo,1,0
4301,2,14.385,10,6879,323,92.365,Amarillo,1,2
4302,2,18.425,10,1467,120,92.1,Amarillo,1,2
4303,2,23.65,10,1200,390,68.25,Amarillo,1,2
4304,2,15.54,32.15,3351.5,262,96.8,Amarillo,1,2
4305,2.585,27.26,20.85,2805.5,109.5,90.35,Amarillo,1,2
4306,2,10,34,4476,114,85.4,Amarillo,1,2
4310,2.69,17.25,10,90,70,58.3,Verde,3,2
4311,2,13.94,10,3654,199,92.5,Amarillo,1,2
4312,2,10,10,2400,625.5,85.5,Amarillo,1,2
4313,2,25.647,32,4600,2100,61,Amarillo,1,2
4314,5,37.5,51,2400,2400,37.8,Amarillo,1,2
4315,10,46.5,22,24000,24000,30.7,Rojo,2,1
4317,14,52.5,22.95,24000,4600,42,Rojo,2,0
4322,8.5,76.43,43,24000,11000,52.3,Rojo,2,0
4323,2,12.23,10,41.5,40,58.73,Verde,3,2
4326,16.6,59.17,106,24196,20866.5,71.15,Rojo,2,0
4327,20.67,98.32,59.74,24000,4600,37.1,Rojo,2,0
4329,3.75,40.845,11,930,355,41.15,Rojo,2,2
4330,15,102.52,31.94,24000,4600,48.7,Rojo,2,0
4331,3.4,29.82,10,4600,1100,43.65,Amarillo,1,2
4332,2.61,36.616,65,4600,1300,61,Amarillo,1,2
4336,2.21,140.01,33,4,230,38.705,Rojo,2,2